id_mus,id_track
konondrozdov,2045
konondrozdov,1284
konondrozdov,1313
konondrozdov,30
konondrozdov,3638
mechislav42,2177
mechislav42,1935
mechislav42,3252
mechislav42,3956
mechislav42,340
antonina_1972,2236
antonina_1972,4935
antonina_1972,4455
antonina_1972,3667
antonina_1972,4666
kostinjuri,1364
kostinjuri,2683
kostinjuri,2508
kostinjuri,4218
kostinjuri,3798
fevronija_1985,928
fevronija_1985,756
fevronija_1985,666
fevronija_1985,4579
fevronija_1985,2351
gterenteva,295
gterenteva,3553
gterenteva,660
gterenteva,1776
gterenteva,4813
kira_15,3382
kira_15,4257
kira_15,3955
kira_15,2782
kira_15,4617
aartemeva,2922
aartemeva,2127
aartemeva,3792
aartemeva,3912
aartemeva,3552
pahomovfedor,748
pahomovfedor,3108
pahomovfedor,3048
pahomovfedor,4463
pahomovfedor,4153
gremislav31,575
gremislav31,4409
gremislav31,719
gremislav31,245
gremislav31,409
modest1998,876
modest1998,1109
modest1998,333
modest1998,3883
modest1998,449
harlampi2020,940
harlampi2020,3776
harlampi2020,1080
harlampi2020,3402
harlampi2020,224
arkadi_1979,3617
arkadi_1979,1910
arkadi_1979,160
arkadi_1979,3543
arkadi_1979,1684
dmitrikrilov,774
dmitrikrilov,226
dmitrikrilov,3574
dmitrikrilov,1595
dmitrikrilov,2359
xdanilov,2323
xdanilov,2768
xdanilov,2355
xdanilov,2940
xdanilov,590
solovevjakov,1235
solovevjakov,1349
solovevjakov,3286
solovevjakov,1728
solovevjakov,3491
lazarevafinogen,2128
lazarevafinogen,1224
lazarevafinogen,4255
lazarevafinogen,2574
lazarevafinogen,2920
paramonfedotov,1875
paramonfedotov,3523
paramonfedotov,957
paramonfedotov,4828
paramonfedotov,2696
vladlenloginov,4162
vladlenloginov,1123
vladlenloginov,4209
vladlenloginov,3093
vladlenloginov,1015
larisa2020,4354
larisa2020,3369
larisa2020,145
larisa2020,375
larisa2020,2267
nonna1973,4812
nonna1973,2452
nonna1973,2911
nonna1973,2665
nonna1973,2252
shashkovviktor,3001
shashkovviktor,2721
shashkovviktor,1535
shashkovviktor,3857
shashkovviktor,1002
lavrentikazakov,2481
lavrentikazakov,264
lavrentikazakov,1933
lavrentikazakov,102
lavrentikazakov,4406
anzhelika94,3167
anzhelika94,3288
anzhelika94,3735
anzhelika94,4454
anzhelika94,1408
fedoseevfade,1009
fedoseevfade,3434
fedoseevfade,360
fedoseevfade,4909
fedoseevfade,1100
shchukinljubosmisl,765
shchukinljubosmisl,2047
shchukinljubosmisl,1766
shchukinljubosmisl,4373
shchukinljubosmisl,4668
silanti_75,1942
silanti_75,1008
silanti_75,3462
silanti_75,2547
silanti_75,4108
silanti_1978,4116
silanti_1978,860
silanti_1978,951
silanti_1978,1320
silanti_1978,4057
agafon_2021,1659
agafon_2021,4168
agafon_2021,1921
agafon_2021,3874
agafon_2021,3282
viktorija25,2764
viktorija25,2897
viktorija25,2420
viktorija25,132
viktorija25,902
ernestpanfilov,439
ernestpanfilov,801
ernestpanfilov,1490
ernestpanfilov,176
ernestpanfilov,3304
konstantin_1994,4657
konstantin_1994,210
konstantin_1994,458
konstantin_1994,2643
konstantin_1994,323
evstafiorlov,4883
evstafiorlov,2716
evstafiorlov,4701
evstafiorlov,220
evstafiorlov,2534
guriilin,2705
guriilin,2667
guriilin,3415
guriilin,2540
guriilin,4630
fgolubeva,3610
fgolubeva,2941
fgolubeva,3852
fgolubeva,1810
fgolubeva,32
jan2000,2023
jan2000,1069
jan2000,1561
jan2000,1126
jan2000,1160
iosifknjazev,1268
iosifknjazev,1326
iosifknjazev,367
iosifknjazev,4189
iosifknjazev,1966
mjasnikovalarisa,127
mjasnikovalarisa,4771
mjasnikovalarisa,3050
mjasnikovalarisa,4692
mjasnikovalarisa,3633
xzuev,4723
xzuev,3198
xzuev,565
xzuev,1202
xzuev,3629
mamontovvladislav,482
mamontovvladislav,3220
mamontovvladislav,814
mamontovvladislav,2133
mamontovvladislav,276
ershovpantelemon,4364
ershovpantelemon,4125
ershovpantelemon,2950
ershovpantelemon,3403
ershovpantelemon,4914
iljasafonov,4185
iljasafonov,4892
iljasafonov,321
iljasafonov,2010
iljasafonov,3689
kalininilja,3694
kalininilja,4121
kalininilja,4496
kalininilja,2723
kalininilja,2022
prov47,357
prov47,3870
prov47,4781
prov47,1377
prov47,1504
tkuznetsov,4536
tkuznetsov,1375
tkuznetsov,4166
tkuznetsov,2904
tkuznetsov,1969
egorovaalla,1222
egorovaalla,3157
egorovaalla,2813
egorovaalla,1368
egorovaalla,4877
vovchinnikov,1114
vovchinnikov,1186
vovchinnikov,2195
vovchinnikov,3907
vovchinnikov,246
ivanna_2001,2308
ivanna_2001,4983
ivanna_2001,2216
ivanna_2001,115
ivanna_2001,1027
guljaevermil,4555
guljaevermil,456
guljaevermil,1195
guljaevermil,2917
guljaevermil,3416
evse06,4538
evse06,4841
evse06,1314
evse06,2286
evse06,4484
valerinekrasov,4499
valerinekrasov,3011
valerinekrasov,4494
valerinekrasov,1439
valerinekrasov,4294
vladlendorofeev,480
vladlendorofeev,4380
vladlendorofeev,3521
vladlendorofeev,510
vladlendorofeev,1142
kudrjashovbogdan,1615
kudrjashovbogdan,3709
kudrjashovbogdan,4716
kudrjashovbogdan,201
kudrjashovbogdan,4673
martinovaolimpiada,3071
martinovaolimpiada,570
martinovaolimpiada,4360
martinovaolimpiada,3436
martinovaolimpiada,11
juvenaliarhipov,4830
juvenaliarhipov,3905
juvenaliarhipov,1139
juvenaliarhipov,4943
juvenaliarhipov,2020
amvrosi_83,143
amvrosi_83,1864
amvrosi_83,878
amvrosi_83,797
amvrosi_83,3983
ymuravev,4312
ymuravev,3546
ymuravev,4070
ymuravev,2905
ymuravev,4648
bikovalora,445
bikovalora,1832
bikovalora,4276
bikovalora,2679
bikovalora,4467
ilja2016,1168
ilja2016,3155
ilja2016,1733
ilja2016,844
ilja2016,3673
polina2004,1516
polina2004,2600
polina2004,4270
polina2004,1058
polina2004,2617
belovanadezhda,479
belovanadezhda,864
belovanadezhda,1277
belovanadezhda,3501
belovanadezhda,4401
nifont84,3281
nifont84,3263
nifont84,2954
nifont84,3059
nifont84,3815
nikodimmuravev,4339
nikodimmuravev,1673
nikodimmuravev,2675
nikodimmuravev,1543
nikodimmuravev,3647
ilja18,3450
ilja18,4016
ilja18,1522
ilja18,2171
ilja18,1159
fgalkina,3397
fgalkina,3326
fgalkina,1790
fgalkina,4633
fgalkina,4806
borisovfilipp,2113
borisovfilipp,2858
borisovfilipp,4598
borisovfilipp,2240
borisovfilipp,2057
lazardoronin,4183
lazardoronin,457
lazardoronin,2844
lazardoronin,611
lazardoronin,1448
orest2015,2488
orest2015,3641
orest2015,2717
orest2015,3904
orest2015,2347
kallistrat2014,2235
kallistrat2014,767
kallistrat2014,2780
kallistrat2014,3683
kallistrat2014,3032
dpoljakov,1389
dpoljakov,213
dpoljakov,3121
dpoljakov,1870
dpoljakov,904
nikodim_2019,37
nikodim_2019,4665
nikodim_2019,2333
nikodim_2019,3711
nikodim_2019,1164
jakub_1991,4526
jakub_1991,4890
jakub_1991,1225
jakub_1991,677
jakub_1991,3538
shchukinrodion,659
shchukinrodion,3355
shchukinrodion,2226
shchukinrodion,2
shchukinrodion,1819
usorokin,4690
usorokin,733
usorokin,3592
usorokin,3009
usorokin,881
sevastjanrusakov,3624
sevastjanrusakov,4392
sevastjanrusakov,1411
sevastjanrusakov,1811
sevastjanrusakov,2179
silinaolimpiada,2928
silinaolimpiada,4748
silinaolimpiada,2338
silinaolimpiada,3982
silinaolimpiada,2712
prohorovprohor,282
prohorovprohor,1597
prohorovprohor,4758
prohorovprohor,274
prohorovprohor,627
lavrenti_60,91
lavrenti_60,3475
lavrenti_60,1722
lavrenti_60,1655
lavrenti_60,1548
petrovpahom,901
petrovpahom,4102
petrovpahom,2001
petrovpahom,1098
petrovpahom,784
uljana_11,3581
uljana_11,3764
uljana_11,2234
uljana_11,2070
uljana_11,162
agafon1981,4159
agafon1981,4163
agafon1981,3345
agafon1981,498
agafon1981,4029
ratibormatveev,139
ratibormatveev,3446
ratibormatveev,492
ratibormatveev,718
ratibormatveev,2103
grigorevavalerija,2829
grigorevavalerija,672
grigorevavalerija,2123
grigorevavalerija,4988
grigorevavalerija,4138
tvorimir91,1627
tvorimir91,1717
tvorimir91,2311
tvorimir91,602
tvorimir91,3733
zosima_75,2519
zosima_75,4560
zosima_75,4072
zosima_75,1734
zosima_75,2090
svjatoslav_49,36
svjatoslav_49,2836
svjatoslav_49,689
svjatoslav_49,1671
svjatoslav_49,3605
lazarevaoktjabrina,4904
lazarevaoktjabrina,4802
lazarevaoktjabrina,3339
lazarevaoktjabrina,1533
lazarevaoktjabrina,4356
valerjan29,4217
valerjan29,2256
valerjan29,4273
valerjan29,2410
valerjan29,2173
shashkovaija,2906
shashkovaija,3008
shashkovaija,4471
shashkovaija,1515
shashkovaija,3026
polikarp1973,2121
polikarp1973,123
polikarp1973,3734
polikarp1973,3756
polikarp1973,1228
ilindobromisl,1444
ilindobromisl,490
ilindobromisl,4550
ilindobromisl,2762
ilindobromisl,3303
vtitov,2857
vtitov,1735
vtitov,1649
vtitov,174
vtitov,3378
emeljan_1978,374
emeljan_1978,678
emeljan_1978,4073
emeljan_1978,3095
emeljan_1978,1895
moiseevafaina,4699
moiseevafaina,4135
moiseevafaina,3164
moiseevafaina,1949
moiseevafaina,1623
samolovvisheslav,1554
samolovvisheslav,2837
samolovvisheslav,977
samolovvisheslav,1173
samolovvisheslav,4167
mechislav_51,511
mechislav_51,1045
mechislav_51,1826
mechislav_51,2960
mechislav_51,3634
baranovsvjatoslav,2746
baranovsvjatoslav,187
baranovsvjatoslav,2692
baranovsvjatoslav,1341
baranovsvjatoslav,4059
fedoseevaanna,2663
fedoseevaanna,428
fedoseevaanna,1800
fedoseevaanna,2969
fedoseevaanna,976
amosbobilev,3201
amosbobilev,385
amosbobilev,154
amosbobilev,2478
amosbobilev,3997
evstigne97,190
evstigne97,2553
evstigne97,4006
evstigne97,2483
evstigne97,4727
ratibor_2023,3548
ratibor_2023,3731
ratibor_2023,4191
ratibor_2023,3176
ratibor_2023,2697
ynaumova,361
ynaumova,1324
ynaumova,4460
ynaumova,882
ynaumova,2334
elise1999,762
elise1999,2447
elise1999,3324
elise1999,621
elise1999,4237
antonina_1983,3418
antonina_1983,3970
antonina_1983,1938
antonina_1983,1467
antonina_1983,2153
elizaveta2016,1073
elizaveta2016,1436
elizaveta2016,3285
elizaveta2016,3091
elizaveta2016,4042
uljan2021,3158
uljan2021,4801
uljan2021,4871
uljan2021,3037
uljan2021,2588
proklpavlov,1632
proklpavlov,3177
proklpavlov,232
proklpavlov,3262
proklpavlov,1521
firsustinov,2661
firsustinov,3891
firsustinov,315
firsustinov,3795
firsustinov,1334
dmitri_76,553
dmitri_76,1354
dmitri_76,3514
dmitri_76,4248
dmitri_76,1332
averki_2015,4784
averki_2015,1331
averki_2015,1299
averki_2015,3089
averki_2015,4445
alevtina1971,4618
alevtina1971,1155
alevtina1971,3115
alevtina1971,1583
alevtina1971,2124
bazhen34,2944
bazhen34,3930
bazhen34,2081
bazhen34,3635
bazhen34,1719
nsharova,1782
nsharova,3472
nsharova,2376
nsharova,4051
nsharova,112
varfolome95,624
varfolome95,857
varfolome95,223
varfolome95,4726
varfolome95,4411
dmitri89,2893
dmitri89,3684
dmitri89,2366
dmitri89,1294
dmitri89,1024
wsorokin,1653
wsorokin,4479
wsorokin,1379
wsorokin,1338
wsorokin,643
ilebedeva,3804
ilebedeva,4469
ilebedeva,4730
ilebedeva,113
ilebedeva,1427
kirillovrodion,4535
kirillovrodion,1656
kirillovrodion,328
kirillovrodion,1481
kirillovrodion,4787
shirjaevkallistrat,440
shirjaevkallistrat,353
shirjaevkallistrat,171
shirjaevkallistrat,2209
shirjaevkallistrat,3467
dementi_2000,4896
dementi_2000,4278
dementi_2000,140
dementi_2000,4433
dementi_2000,1440
fortunat_06,2036
fortunat_06,1646
fortunat_06,4091
fortunat_06,1644
fortunat_06,3019
kapiton47,636
kapiton47,4845
kapiton47,3573
kapiton47,1809
kapiton47,3807
gromovljubim,1774
gromovljubim,2319
gromovljubim,2465
gromovljubim,4879
gromovljubim,4492
kondratevvissarion,1279
kondratevvissarion,3832
kondratevvissarion,3181
kondratevvissarion,4060
kondratevvissarion,1261
muravevruben,2468
muravevruben,2249
muravevruben,3698
muravevruben,2739
muravevruben,3362
rrozhkov,4465
rrozhkov,3484
rrozhkov,2467
rrozhkov,2300
rrozhkov,2075
filipp_75,2874
filipp_75,3094
filipp_75,3010
filipp_75,1990
filipp_75,3835
andronik_2003,1586
andronik_2003,3206
andronik_2003,101
andronik_2003,309
andronik_2003,4225
prohor2010,4956
prohor2010,3722
prohor2010,3147
prohor2010,629
prohor2010,1874
januari_1978,1298
januari_1978,2360
januari_1978,2676
januari_1978,2379
januari_1978,3971
krasilnikovevstigne,405
krasilnikovevstigne,617
krasilnikovevstigne,4930
krasilnikovevstigne,1180
krasilnikovevstigne,152
darja1970,3639
darja1970,4324
darja1970,1765
darja1970,4007
darja1970,4623
valentin91,766
valentin91,2373
valentin91,4638
valentin91,1952
valentin91,2937
demidmishin,1061
demidmishin,382
demidmishin,3452
demidmishin,1257
demidmishin,2395
ipati_1976,1817
ipati_1976,2255
ipati_1976,2109
ipati_1976,2398
ipati_1976,4173
petuhovtvorimir,1998
petuhovtvorimir,4220
petuhovtvorimir,100
petuhovtvorimir,1714
petuhovtvorimir,1245
hkrjukova,1814
hkrjukova,3653
hkrjukova,703
hkrjukova,1652
hkrjukova,1779
mjasnikovkuzma,3325
mjasnikovkuzma,4180
mjasnikovkuzma,4554
mjasnikovkuzma,1384
mjasnikovkuzma,2536
zoja1998,2405
zoja1998,3045
zoja1998,800
zoja1998,1955
zoja1998,2738
jakub_1979,999
jakub_1979,1491
jakub_1979,4148
jakub_1979,4700
jakub_1979,3489
jignateva,2702
jignateva,4415
jignateva,4259
jignateva,4435
jignateva,2185
vjacheslav94,3998
vjacheslav94,1549
vjacheslav94,4239
vjacheslav94,2952
vjacheslav94,4564
reliseeva,4626
reliseeva,2412
reliseeva,1293
reliseeva,745
reliseeva,1868
martjanloginov,662
martjanloginov,80
martjanloginov,1621
martjanloginov,3297
martjanloginov,1000
kasjan94,2039
kasjan94,656
kasjan94,2220
kasjan94,4289
kasjan94,1807
xguljaeva,4509
xguljaeva,196
xguljaeva,1618
xguljaeva,966
xguljaeva,2495
silinazhanna,871
silinazhanna,3039
silinazhanna,4903
silinazhanna,1482
silinazhanna,57
kopilovstanimir,775
kopilovstanimir,1044
kopilovstanimir,3779
kopilovstanimir,3441
kopilovstanimir,4495
savva07,4878
savva07,4182
savva07,936
savva07,628
savva07,2442
konovalovmaksimiljan,2305
konovalovmaksimiljan,3498
konovalovmaksimiljan,4115
konovalovmaksimiljan,1146
konovalovmaksimiljan,863
gushchinalidija,4908
gushchinalidija,3589
gushchinalidija,1249
gushchinalidija,777
gushchinalidija,3913
ereme_1976,3794
ereme_1976,2545
ereme_1976,2345
ereme_1976,3413
ereme_1976,199
vjacheslav32,350
vjacheslav32,4959
vjacheslav32,3471
vjacheslav32,956
vjacheslav32,3433
valerija88,4698
valerija88,1034
valerija88,472
valerija88,2814
valerija88,1668
kiselevalarisa,4316
kiselevalarisa,1054
kiselevalarisa,2740
kiselevalarisa,4511
kiselevalarisa,1460
guljaevaraisa,2629
guljaevaraisa,172
guljaevaraisa,3213
guljaevaraisa,3099
guljaevaraisa,272
foti1993,1252
foti1993,3507
foti1993,4510
foti1993,1716
foti1993,2875
aleksandr_2004,563
aleksandr_2004,106
aleksandr_2004,1226
aleksandr_2004,4194
aleksandr_2004,3954
alla2020,3208
alla2020,3259
alla2020,2391
alla2020,1358
alla2020,635
zfedorov,3153
zfedorov,1980
zfedorov,4034
zfedorov,949
zfedorov,1767
martin_15,3336
martin_15,1232
martin_15,4534
martin_15,2835
martin_15,1699
isa_47,1187
isa_47,1101
isa_47,837
isa_47,2889
isa_47,3875
elena71,4444
elena71,4333
elena71,2946
elena71,4552
elena71,2183
djachkovselivan,2149
djachkovselivan,4437
djachkovselivan,2361
djachkovselivan,3334
djachkovselivan,4039
panovanisim,4112
panovanisim,3765
panovanisim,3381
panovanisim,4824
panovanisim,4188
fekla1978,1641
fekla1978,230
fekla1978,4958
fekla1978,3106
fekla1978,2196
zzimin,4438
zzimin,2538
zzimin,4071
zzimin,1512
zzimin,3231
uvladimirova,1021
uvladimirova,3987
uvladimirova,888
uvladimirova,907
uvladimirova,1591
egorovavasilisa,770
egorovavasilisa,4176
egorovavasilisa,3539
egorovavasilisa,2754
egorovavasilisa,4752
rostislav_00,4932
rostislav_00,1057
rostislav_00,4015
rostislav_00,3127
rostislav_00,1825
blarionova,464
blarionova,343
blarionova,3405
blarionova,4432
blarionova,2809
belovamvrosi,892
belovamvrosi,1120
belovamvrosi,3885
belovamvrosi,3608
belovamvrosi,1266
evstafibelozerov,3424
evstafibelozerov,3725
evstafibelozerov,1369
evstafibelozerov,4785
evstafibelozerov,2378
tihonovvseslav,3354
tihonovvseslav,2165
tihonovvseslav,1047
tihonovvseslav,3976
tihonovvseslav,2006
veniamin1987,3183
veniamin1987,2801
veniamin1987,2811
veniamin1987,4157
veniamin1987,1265
dmartinov,1575
dmartinov,4901
dmartinov,426
dmartinov,3442
dmartinov,122
panfilkostin,4998
panfilkostin,1507
panfilkostin,3790
panfilkostin,515
panfilkostin,4453
hkapustina,2845
hkapustina,1402
hkapustina,24
hkapustina,4317
hkapustina,607
viktor2018,4804
viktor2018,4818
viktor2018,2977
viktor2018,3097
viktor2018,3860
isidoraleksandrov,2647
isidoraleksandrov,1459
isidoraleksandrov,1983
isidoraleksandrov,279
isidoraleksandrov,4385
dementevaglafira,1982
dementevaglafira,4300
dementevaglafira,2021
dementevaglafira,1242
dementevaglafira,4306
muravevaalevtina,2158
muravevaalevtina,2817
muravevaalevtina,4678
muravevaalevtina,1102
muravevaalevtina,3830
vasilisa91,685
vasilisa91,108
vasilisa91,4283
vasilisa91,1466
vasilisa91,137
isaevsilanti,3569
isaevsilanti,4196
isaevsilanti,1907
isaevsilanti,4944
isaevsilanti,2406
valentin_1988,2909
valentin_1988,3065
valentin_1988,4725
valentin_1988,736
valentin_1988,4342
blohinamilitsa,3994
blohinamilitsa,4420
blohinamilitsa,3404
blohinamilitsa,2281
blohinamilitsa,3217
artemevnestor,2719
artemevnestor,616
artemevnestor,1036
artemevnestor,3846
artemevnestor,2728
doroninaivanna,4414
doroninaivanna,3601
doroninaivanna,4143
doroninaivanna,3934
doroninaivanna,2776
sisoevflorentin,728
sisoevflorentin,4264
sisoevflorentin,1417
sisoevflorentin,2733
sisoevflorentin,4941
naumovaksenija,4366
naumovaksenija,1861
naumovaksenija,4628
naumovaksenija,4344
naumovaksenija,2743
refremova,4018
refremova,4968
refremova,52
refremova,1731
refremova,1086
platonvinogradov,4320
platonvinogradov,600
platonvinogradov,3511
platonvinogradov,148
platonvinogradov,1582
vjacheslav_1989,1604
vjacheslav_1989,3172
vjacheslav_1989,2948
vjacheslav_1989,2992
vjacheslav_1989,2463
erofe98,690
erofe98,2999
erofe98,1873
erofe98,2190
erofe98,1133
samuil49,3449
samuil49,4045
samuil49,809
samuil49,4530
samuil49,1748
qfrolov,1292
qfrolov,3678
qfrolov,3579
qfrolov,2346
qfrolov,3016
mechislav_1985,3081
mechislav_1985,4331
mechislav_1985,4612
mechislav_1985,1182
mechislav_1985,1742
juvenali1992,443
juvenali1992,1239
juvenali1992,1329
juvenali1992,1240
juvenali1992,294
fedorlihachev,4629
fedorlihachev,497
fedorlihachev,4517
fedorlihachev,1040
fedorlihachev,4548
vasili2005,292
vasili2005,4588
vasili2005,3702
vasili2005,1707
vasili2005,2429
spiridon_2012,4934
spiridon_2012,2896
spiridon_2012,509
spiridon_2012,1144
spiridon_2012,1986
krasilnikovamarfa,535
krasilnikovamarfa,1399
krasilnikovamarfa,1797
krasilnikovamarfa,84
krasilnikovamarfa,3305
krjukovmaksimiljan,1145
krjukovmaksimiljan,4393
krjukovmaksimiljan,4036
krjukovmaksimiljan,4931
krjukovmaksimiljan,273
ermakovaraisa,2457
ermakovaraisa,98
ermakovaraisa,4224
ermakovaraisa,4428
ermakovaraisa,4999
averki_2004,481
averki_2004,2826
averki_2004,1806
averki_2004,2821
averki_2004,2876
mihailrozhkov,3799
mihailrozhkov,4825
mihailrozhkov,2356
mihailrozhkov,99
mihailrozhkov,4133
fmihalova,1115
fmihalova,3741
fmihalova,1961
fmihalova,431
fmihalova,749
orlovavasilisa,1049
orlovavasilisa,1412
orlovavasilisa,2460
orlovavasilisa,2861
orlovavasilisa,830
kirillovkonon,1400
kirillovkonon,489
kirillovkonon,761
kirillovkonon,853
kirillovkonon,4961
sisoevkarp,136
sisoevkarp,1209
sisoevkarp,3724
sisoevkarp,4096
sisoevkarp,1638
iraida55,2708
iraida55,910
iraida55,3542
iraida55,2726
iraida55,1725
emmanuil_2008,2154
emmanuil_2008,3762
emmanuil_2008,4384
emmanuil_2008,4069
emmanuil_2008,848
foka91,682
foka91,179
foka91,4439
foka91,4745
foka91,727
ermola18,4421
ermola18,3687
ermola18,954
ermola18,473
ermola18,1059
flitkin,2848
flitkin,1891
flitkin,1175
flitkin,1756
flitkin,4319
lukinatatjana,4664
lukinatatjana,4145
lukinatatjana,474
lukinatatjana,1904
lukinatatjana,1883
skomissarov,34
skomissarov,1161
skomissarov,79
skomissarov,2301
skomissarov,262
budimir_26,1501
budimir_26,4464
budimir_26,3919
budimir_26,4888
budimir_26,2273
belousovbogdan,1305
belousovbogdan,2147
belousovbogdan,1382
belousovbogdan,2024
belousovbogdan,3503
vadimvorobev,4155
vadimvorobev,1090
vadimvorobev,1156
vadimvorobev,4065
vadimvorobev,4104
vjacheslav_66,4681
vjacheslav_66,3788
vjacheslav_66,2288
vjacheslav_66,2865
vjacheslav_66,1231
zhanna13,2788
zhanna13,3677
zhanna13,2956
zhanna13,1622
zhanna13,3244
savinsidor,3704
savinsidor,2582
savinsidor,1866
savinsidor,1634
savinsidor,1816
avgust2002,3850
avgust2002,169
avgust2002,3437
avgust2002,4857
avgust2002,3555
rozhkovakim,3628
rozhkovakim,2511
rozhkovakim,4126
rozhkovakim,2116
rozhkovakim,1429
mir_61,4025
mir_61,3960
mir_61,890
mir_61,3534
mir_61,4311
ivantihonov,3854
ivantihonov,1599
ivantihonov,4759
ivantihonov,3154
ivantihonov,290
ladislavaksenov,2393
ladislavaksenov,2535
ladislavaksenov,2337
ladislavaksenov,653
ladislavaksenov,4005
sisoevsigizmund,2563
sisoevsigizmund,3219
sisoevsigizmund,1629
sisoevsigizmund,2997
sisoevsigizmund,1784
efremmihalov,2332
efremmihalov,4614
efremmihalov,4750
efremmihalov,2655
efremmihalov,4506
sofon_1970,2786
sofon_1970,4651
sofon_1970,2491
sofon_1970,5
sofon_1970,4514
ovchinnikovamargarita,2978
ovchinnikovamargarita,285
ovchinnikovamargarita,303
ovchinnikovamargarita,963
ovchinnikovamargarita,2018
kirill2019,532
kirill2019,2765
kirill2019,2757
kirill2019,4066
kirill2019,828
panfilovpantelemon,173
panfilovpantelemon,4581
panfilovpantelemon,2435
panfilovpantelemon,4049
panfilovpantelemon,4212
luchezarsamsonov,2976
luchezarsamsonov,4440
luchezarsamsonov,4967
luchezarsamsonov,3896
luchezarsamsonov,2344
sharapovmilan,1648
sharapovmilan,3933
sharapovmilan,1404
sharapovmilan,4390
sharapovmilan,395
bolshakovvladimir,3233
bolshakovvladimir,1585
bolshakovvladimir,3096
bolshakovvladimir,3112
bolshakovvladimir,1138
serafimkolesnikov,4897
serafimkolesnikov,1729
serafimkolesnikov,2884
serafimkolesnikov,4656
serafimkolesnikov,4680
gostomisl_1971,3602
gostomisl_1971,2213
gostomisl_1971,997
gostomisl_1971,965
gostomisl_1971,2854
beljakovavasilisa,4973
beljakovavasilisa,1405
beljakovavasilisa,1571
beljakovavasilisa,2832
beljakovavasilisa,3136
qorlova,2459
qorlova,54
qorlova,3995
qorlova,738
qorlova,4074
venediktzinovev,4868
venediktzinovev,4708
venediktzinovev,1645
venediktzinovev,2371
venediktzinovev,1458
ignatibolshakov,1738
ignatibolshakov,1799
ignatibolshakov,3648
ignatibolshakov,4067
ignatibolshakov,2156
borislav_2001,1498
borislav_2001,4822
borislav_2001,2965
borislav_2001,2959
borislav_2001,307
milen_2006,4348
milen_2006,304
milen_2006,370
milen_2006,1322
milen_2006,1074
gusevspiridon,2736
gusevspiridon,4105
gusevspiridon,2062
gusevspiridon,2658
gusevspiridon,586
ernst_97,432
ernst_97,41
ernst_97,588
ernst_97,1770
ernst_97,1557
nikanor_2024,1496
nikanor_2024,2869
nikanor_2024,2709
nikanor_2024,3587
nikanor_2024,1097
vseslavfedorov,4028
vseslavfedorov,746
vseslavfedorov,517
vseslavfedorov,3299
vseslavfedorov,840
nazarovhariton,217
nazarovhariton,2492
nazarovhariton,3604
nazarovhariton,3373
nazarovhariton,962
shcherbakovplaton,1193
shcherbakovplaton,2012
shcherbakovplaton,4423
shcherbakovplaton,2475
shcherbakovplaton,4927
dmitrilarionov,4543
dmitrilarionov,221
dmitrilarionov,916
dmitrilarionov,4502
dmitrilarionov,2502
bronislav_1974,3227
bronislav_1974,2058
bronislav_1974,1834
bronislav_1974,3826
bronislav_1974,1390
evstafi_1991,4134
evstafi_1991,2097
evstafi_1991,74
evstafi_1991,103
evstafi_1991,1424
trifon24,2949
trifon24,4749
trifon24,701
trifon24,1647
trifon24,3796
bogdanagafonov,894
bogdanagafonov,1042
bogdanagafonov,714
bogdanagafonov,4808
bogdanagafonov,2107
sokolovkliment,144
sokolovkliment,827
sokolovkliment,4128
sokolovkliment,1968
sokolovkliment,1205
sitnikovanonna,3246
sitnikovanonna,1062
sitnikovanonna,4531
sitnikovanonna,4346
sitnikovanonna,2283
svetozar_60,2317
svetozar_60,135
svetozar_60,2148
svetozar_60,1663
svetozar_60,244
korolevpahom,3969
korolevpahom,4184
korolevpahom,3742
korolevpahom,1690
korolevpahom,2745
ykuzmina,3384
ykuzmina,4950
ykuzmina,4624
ykuzmina,2838
ykuzmina,392
markovartem,2303
markovartem,1464
markovartem,4293
markovartem,2386
markovartem,3611
doroninaantonina,2720
doroninaantonina,1657
doroninaantonina,2013
doroninaantonina,2407
doroninaantonina,3985
amvrosi17,1328
amvrosi17,710
amvrosi17,2415
amvrosi17,4604
amvrosi17,500
avde66,455
avde66,3174
avde66,4149
avde66,2034
avde66,2766
anisimovavde,1679
anisimovavde,1852
anisimovavde,218
anisimovavde,3406
anisimovavde,926
avtonom_1997,4417
avtonom_1997,4823
avtonom_1997,182
avtonom_1997,2265
avtonom_1997,146
gorbunovladislav,780
gorbunovladislav,846
gorbunovladislav,1060
gorbunovladislav,1787
gorbunovladislav,4399
htihonov,26
htihonov,2106
htihonov,3133
htihonov,891
htihonov,2783
ribakovtimur,2095
ribakovtimur,1551
ribakovtimur,284
ribakovtimur,1468
ribakovtimur,1419
afinogen78,4747
afinogen78,2136
afinogen78,1711
afinogen78,918
afinogen78,3564
ladislavmironov,1136
ladislavmironov,4634
ladislavmironov,810
ladislavmironov,1418
ladislavmironov,4596
silvestrmiheev,2159
silvestrmiheev,4258
silvestrmiheev,1414
silvestrmiheev,3775
silvestrmiheev,3528
selivan2000,4301
selivan2000,1871
selivan2000,1635
selivan2000,4493
selivan2000,2800
gavrilovdobromisl,3630
gavrilovdobromisl,3035
gavrilovdobromisl,314
gavrilovdobromisl,1250
gavrilovdobromisl,4793
volkovsilanti,4992
volkovsilanti,1640
volkovsilanti,2111
volkovsilanti,2895
volkovsilanti,4396
pestovataisija,3481
pestovataisija,3909
pestovataisija,3270
pestovataisija,1082
pestovataisija,4470
zikovlazar,2847
zikovlazar,3431
zikovlazar,604
zikovlazar,3173
zikovlazar,2616
rmelnikova,1260
rmelnikova,3440
rmelnikova,867
rmelnikova,2233
rmelnikova,2507
mironvladimirov,1775
mironvladimirov,676
mironvladimirov,1523
mironvladimirov,4705
mironvladimirov,1372
luka44,1374
luka44,2086
luka44,251
luka44,1987
luka44,1702
medvedevalukija,2396
medvedevalukija,3585
medvedevalukija,2108
medvedevalukija,1829
medvedevalukija,2707
agge_2009,1033
agge_2009,571
agge_2009,288
agge_2009,3207
agge_2009,319
sokolovpetr,1409
sokolovpetr,1327
sokolovpetr,3409
sokolovpetr,633
sokolovpetr,4213
pankrati_60,368
pankrati_60,4953
pankrati_60,4587
pankrati_60,3426
pankrati_60,3771
timur77,1830
timur77,4936
timur77,397
timur77,720
timur77,4947
dlihacheva,130
dlihacheva,631
dlihacheva,4262
dlihacheva,2934
dlihacheva,528
kirillmaksimov,3479
kirillmaksimov,58
kirillmaksimov,3145
kirillmaksimov,3365
kirillmaksimov,1087
avtonomkoshelev,362
avtonomkoshelev,1812
avtonomkoshelev,2650
avtonomkoshelev,4951
avtonomkoshelev,291
averki_2008,4589
averki_2008,2863
averki_2008,1479
averki_2008,3836
averki_2008,3461
iraida_87,4079
iraida_87,441
iraida_87,104
iraida_87,2812
iraida_87,886
grigorevvisheslav,2041
grigorevvisheslav,4251
grigorevvisheslav,4087
grigorevvisheslav,3360
grigorevvisheslav,3018
silvestr2014,1201
silvestr2014,1940
silvestr2014,413
silvestr2014,1651
silvestr2014,2315
yeliseev,1749
yeliseev,3643
yeliseev,258
yeliseev,491
yeliseev,2438
irakli1974,1281
irakli1974,3423
irakli1974,2424
irakli1974,791
irakli1974,2079
ratibor1980,1902
ratibor1980,3753
ratibor1980,993
ratibor1980,2856
ratibor1980,1833
lazarevsolomon,3084
lazarevsolomon,3265
lazarevsolomon,1917
lazarevsolomon,4706
lazarevsolomon,1304
lobanovdorofe,3980
lobanovdorofe,1528
lobanovdorofe,281
lobanovdorofe,1526
lobanovdorofe,2523
kulakovkuzma,3746
kulakovkuzma,3419
kulakovkuzma,118
kulakovkuzma,1992
kulakovkuzma,1576
osisoev,3744
osisoev,463
osisoev,4688
osisoev,1234
osisoev,542
pankrati_84,2230
pankrati_84,3140
pankrati_84,2794
pankrati_84,4497
pankrati_84,483
komarovpimen,1485
komarovpimen,3833
komarovpimen,3347
komarovpimen,2251
komarovpimen,2872
qmuraveva,4375
qmuraveva,2923
qmuraveva,2027
qmuraveva,3394
qmuraveva,1039
dementevbronislav,3938
dementevbronislav,4689
dementevbronislav,1778
dementevbronislav,995
dementevbronislav,3319
silvestrsobolev,4068
silvestrsobolev,3770
silvestrsobolev,1853
silvestrsobolev,2735
silvestrsobolev,545
stanimirprohorov,2243
stanimirprohorov,3144
stanimirprohorov,4337
stanimirprohorov,1493
stanimirprohorov,4679
lora1982,4591
lora1982,2320
lora1982,4942
lora1982,3773
lora1982,2664
nikiforovvladlen,1130
nikiforovvladlen,3417
nikiforovvladlen,2701
nikiforovvladlen,3513
nikiforovvladlen,1189
jan71,4413
jan71,4724
jan71,543
jan71,2784
jan71,1204
kornilovaangelina,1105
kornilovaangelina,2224
kornilovaangelina,3718
kornilovaangelina,3890
kornilovaangelina,2715
florentin1998,3238
florentin1998,504
florentin1998,2192
florentin1998,308
florentin1998,1506
lobanovmark,3786
lobanovmark,3992
lobanovmark,3872
lobanovmark,574
lobanovmark,2569
elena36,2015
elena36,4235
elena36,4206
elena36,435
elena36,990
iuvarov,4055
iuvarov,3160
iuvarov,898
iuvarov,4336
iuvarov,4835
suvorovaolimpiada,3165
suvorovaolimpiada,752
suvorovaolimpiada,4966
suvorovaolimpiada,4994
suvorovaolimpiada,4249
ferapont_14,1386
ferapont_14,2891
ferapont_14,4583
ferapont_14,3556
ferapont_14,1373
ignatevroman,3497
ignatevroman,1215
ignatevroman,3861
ignatevroman,3565
ignatevroman,932
lavrenti50,623
lavrenti50,2074
lavrenti50,753
lavrenti50,2769
lavrenti50,1801
savvatiribakov,2627
savvatiribakov,2562
savvatiribakov,3289
savvatiribakov,702
savvatiribakov,468
foma_48,2541
foma_48,305
foma_48,3887
foma_48,3292
foma_48,2671
mpopova,1915
mpopova,4088
mpopova,2206
mpopova,1055
mpopova,2125
german_39,674
german_39,4457
german_39,3473
german_39,2763
german_39,3645
militsa1973,512
militsa1973,9
militsa1973,3298
militsa1973,1916
militsa1973,4308
savindobromisl,2246
savindobromisl,3797
savindobromisl,546
savindobromisl,4575
savindobromisl,2297
bolshakovipat,1789
bolshakovipat,1761
bolshakovipat,4683
bolshakovipat,2935
bolshakovipat,4917
anike_2003,603
anike_2003,1900
anike_2003,128
anike_2003,2620
anike_2003,1319
ignati1983,2362
ignati1983,1755
ignati1983,2307
ignati1983,1181
ignati1983,2653
lavrenti75,3549
lavrenti75,404
lavrenti75,4048
lavrenti75,930
lavrenti75,138
filaret_1983,3615
filaret_1983,247
filaret_1983,3838
filaret_1983,3968
filaret_1983,3627
jan_2024,3274
jan_2024,513
jan_2024,4461
jan_2024,278
jan_2024,194
filatovamargarita,3606
filatovamargarita,3314
filatovamargarita,1395
filatovamargarita,2228
filatovamargarita,256
kudrjavtsevvarfolome,3506
kudrjavtsevvarfolome,15
kudrjavtsevvarfolome,1694
kudrjavtsevvarfolome,2678
kudrjavtsevvarfolome,1947
arseni_2023,4782
arseni_2023,2092
arseni_2023,2403
arseni_2023,1984
arseni_2023,2515
etimofeev,3613
etimofeev,2117
etimofeev,4142
etimofeev,205
etimofeev,266
paramonsobolev,47
paramonsobolev,488
paramonsobolev,110
paramonsobolev,87
paramonsobolev,4646
mishinafinogen,3092
mishinafinogen,3117
mishinafinogen,3043
mishinafinogen,1403
mishinafinogen,4978
klavdifilippov,4809
klavdifilippov,3464
klavdifilippov,4241
klavdifilippov,4770
klavdifilippov,2484
korolevruslan,1230
korolevruslan,94
korolevruslan,92
korolevruslan,1398
korolevruslan,4886
subbotingostomisl,1447
subbotingostomisl,1603
subbotingostomisl,1330
subbotingostomisl,3313
subbotingostomisl,1203
jknjazeva,1425
jknjazeva,2367
jknjazeva,1011
jknjazeva,86
jknjazeva,3716
faina24,2304
faina24,1428
faina24,4872
faina24,1617
faina24,2049
ykudrjashova,4033
ykudrjashova,188
ykudrjashova,2270
ykudrjashova,712
ykudrjashova,1857
eleonora_1992,3915
eleonora_1992,436
eleonora_1992,3713
eleonora_1992,789
eleonora_1992,2908
anikitina,1944
anikitina,4995
anikitina,3655
anikitina,424
anikitina,3816
arhipovevstigne,1884
arhipovevstigne,3309
arhipovevstigne,1117
arhipovevstigne,2910
arhipovevstigne,2542
svjatoslav_2011,884
svjatoslav_2011,645
svjatoslav_2011,1486
svjatoslav_2011,4004
svjatoslav_2011,4395
ssergeeva,1631
ssergeeva,4859
ssergeeva,3061
ssergeeva,1346
ssergeeva,3518
belousovfilimon,3478
belousovfilimon,1050
belousovfilimon,4431
belousovfilimon,1849
belousovfilimon,3721
ckiseleva,1736
ckiseleva,2061
ckiseleva,4214
ckiseleva,4309
ckiseleva,2522
georgipopov,3400
georgipopov,934
georgipopov,3761
georgipopov,2543
georgipopov,1510
kornilgordeev,298
kornilgordeev,4404
kornilgordeev,4207
kornilgordeev,3029
kornilgordeev,3273
jakushevolimpi,849
jakushevolimpi,4379
jakushevolimpi,3618
jakushevolimpi,1863
jakushevolimpi,4667
popovferapont,4491
popovferapont,958
popovferapont,227
popovferapont,4704
popovferapont,4642
dementevvlas,1697
dementevvlas,2181
dementevvlas,390
dementevvlas,1660
dementevvlas,4765
julija1973,1362
julija1973,824
julija1973,1019
julija1973,1272
julija1973,2377
wbobrov,4061
wbobrov,4022
wbobrov,538
wbobrov,3387
wbobrov,1310
martinafanasev,2048
martinafanasev,3895
martinafanasev,1137
martinafanasev,3480
martinafanasev,3374
evlampi1980,709
evlampi1980,257
evlampi1980,4281
evlampi1980,2773
evlampi1980,2364
artemevaglafira,2264
artemevaglafira,2706
artemevaglafira,4265
artemevaglafira,1872
artemevaglafira,1579
rjurik83,2577
rjurik83,3333
rjurik83,4448
rjurik83,2199
rjurik83,2578
julian1970,3780
julian1970,2585
julian1970,790
julian1970,4358
julian1970,1489
evpraksija65,2903
evpraksija65,893
evpraksija65,2203
evpraksija65,4586
evpraksija65,1839
wselezneva,568
wselezneva,1672
wselezneva,3717
wselezneva,4861
wselezneva,50
kotovplaton,4580
kotovplaton,4027
kotovplaton,4918
kotovplaton,698
kotovplaton,3848
jmironova,2890
jmironova,2187
jmironova,3221
jmironova,19
jmironova,1081
ljubov_2022,1723
ljubov_2022,1581
ljubov_2022,13
ljubov_2022,2479
ljubov_2022,425
antipveselov,2455
antipveselov,2142
antipveselov,4792
antipveselov,147
antipveselov,4466
izmail14,2684
izmail14,4851
izmail14,2851
izmail14,184
izmail14,3791
kolesnikovhristofor,3953
kolesnikovhristofor,1301
kolesnikovhristofor,3900
kolesnikovhristofor,1157
kolesnikovhristofor,4137
oktjabrina2009,3803
oktjabrina2009,3663
oktjabrina2009,670
oktjabrina2009,4593
oktjabrina2009,4605
apollon1987,1530
apollon1987,605
apollon1987,1858
apollon1987,3810
apollon1987,2025
elizaveta_12,4106
elizaveta_12,4647
elizaveta_12,610
elizaveta_12,1122
elizaveta_12,16
zsergeev,4397
zsergeev,750
zsergeev,2096
zsergeev,4269
zsergeev,1005
kondrati_80,3264
kondrati_80,4252
kondrati_80,769
kondrati_80,4345
kondrati_80,4266
agafon_1977,1562
agafon_1977,3660
agafon_1977,2755
agafon_1977,2598
agafon_1977,2210
sofron_2003,2918
sofron_2003,3189
sofron_2003,1162
sofron_2003,2639
sofron_2003,3179
sobolevernst,3067
sobolevernst,4365
sobolevernst,1259
sobolevernst,3267
sobolevernst,2966
olimpikarpov,675
olimpikarpov,4093
olimpikarpov,1415
olimpikarpov,2591
olimpikarpov,3752
demid1981,2855
demid1981,3192
demid1981,3632
demid1981,414
demid1981,1431
avdeevostromir,2205
avdeevostromir,4869
avdeevostromir,3841
avdeevostromir,4979
avdeevostromir,4996
harlampi71,73
harlampi71,741
harlampi71,832
harlampi71,3226
harlampi71,2527
luchezarnosov,3178
luchezarnosov,2477
luchezarnosov,3886
luchezarnosov,222
luchezarnosov,4434
izot_2018,2052
izot_2018,1680
izot_2018,2035
izot_2018,3275
izot_2018,3205
kulakovpetr,4210
kulakovpetr,3169
kulakovpetr,3346
kulakovpetr,4599
kulakovpetr,2810
vatslav94,421
vatslav94,3767
vatslav94,887
vatslav94,3389
vatslav94,3502
maksim2022,4815
maksim2022,2486
maksim2022,2382
maksim2022,4852
maksim2022,2727
muhinfoti,434
muhinfoti,551
muhinfoti,4791
muhinfoti,1048
muhinfoti,2644
ekovaleva,4711
ekovaleva,2984
ekovaleva,2325
ekovaleva,1919
ekovaleva,4350
panfil_96,10
panfil_96,2470
panfil_96,1470
panfil_96,3318
panfil_96,2550
morozovdavid,3973
morozovdavid,3111
morozovdavid,3129
morozovdavid,121
morozovdavid,651
afanasevgostomisl,983
afanasevgostomisl,18
afanasevgostomisl,1286
afanasevgostomisl,4381
afanasevgostomisl,2380
gurevbogdan,1032
gurevbogdan,3041
gurevbogdan,4719
gurevbogdan,1946
gurevbogdan,4352
savvati1997,2211
savvati1997,289
savvati1997,203
savvati1997,3161
savvati1997,1093
valeri02,4796
valeri02,561
valeri02,1380
valeri02,1396
valeri02,4685
ljubim_85,1480
ljubim_85,2392
ljubim_85,4310
ljubim_85,3705
ljubim_85,3712
gedeon1983,4047
gedeon1983,4929
gedeon1983,979
gedeon1983,3557
gedeon1983,4200
lavrentevgerasim,529
lavrentevgerasim,2200
lavrentevgerasim,4572
lavrentevgerasim,2710
lavrentevgerasim,4556
solomon57,646
solomon57,4957
solomon57,85
solomon57,211
solomon57,1185
oktjabrina_1992,4584
oktjabrina_1992,1859
oktjabrina_1992,4540
oktjabrina_1992,1981
oktjabrina_1992,410
moke96,105
moke96,1704
moke96,478
moke96,4732
moke96,688
rodionovauljana,4658
rodionovauljana,2259
rodionovauljana,1158
rodionovauljana,3868
rodionovauljana,3391
gushchinpotap,1001
gushchinpotap,459
gushchinpotap,1129
gushchinpotap,4474
gushchinpotap,1724
vblinova,2292
vblinova,4099
vblinova,3800
vblinova,1423
vblinova,847
nikon_27,1217
nikon_27,1607
nikon_27,3196
nikon_27,1835
nikon_27,3375
velimir80,3485
velimir80,495
velimir80,2779
velimir80,2700
velimir80,4436
jan_11,90
jan_11,647
jan_11,4408
jan_11,4798
jan_11,3831
haritonnosov,4811
haritonnosov,3053
haritonnosov,2818
haritonnosov,1345
haritonnosov,1280
oleg_05,2464
oleg_05,1432
oleg_05,4632
oleg_05,1052
oleg_05,4982
lazar_2009,2662
lazar_2009,1691
lazar_2009,4864
lazar_2009,3649
lazar_2009,560
vlasovterenti,325
vlasovterenti,2963
vlasovterenti,2537
vlasovterenti,2394
vlasovterenti,207
xfadeeva,2645
xfadeeva,3074
xfadeeva,2902
xfadeeva,4267
xfadeeva,652
gromovajulija,3232
gromovajulija,865
gromovajulija,3686
gromovajulija,969
gromovajulija,3676
naumovkazimir,4110
naumovkazimir,1148
naumovkazimir,691
naumovkazimir,1149
naumovkazimir,44
efremovvenedikt,381
efremovvenedikt,3085
efremovvenedikt,585
efremovvenedikt,1792
efremovvenedikt,180
vsemil1996,802
vsemil1996,4659
vsemil1996,805
vsemil1996,3817
vsemil1996,407
zinovi_77,1854
zinovi_77,4645
zinovi_77,1979
zinovi_77,380
zinovi_77,2938
shubinarhip,2703
shubinarhip,3661
shubinarhip,1355
shubinarhip,4304
shubinarhip,117
vseslav_2007,1886
vseslav_2007,4766
vseslav_2007,4707
vseslav_2007,3855
vseslav_2007,2752
ljudin,358
ljudin,3191
ljudin,212
ljudin,4263
ljudin,2979
lebedevradovan,2099
lebedevradovan,3672
lebedevradovan,1169
lebedevradovan,4955
lebedevradovan,503
agaplarionov,1236
agaplarionov,2988
agaplarionov,131
agaplarionov,3023
agaplarionov,356
svetozar59,3024
svetozar59,1500
svetozar59,4120
svetozar59,4347
svetozar59,1196
ivan_2017,794
ivan_2017,2972
ivan_2017,2532
ivan_2017,514
ivan_2017,808
milen_28,3486
milen_28,2341
milen_28,1739
milen_28,4211
milen_28,3928
emeljan68,316
emeljan68,541
emeljan68,302
emeljan68,3393
emeljan68,2385
artem_2023,3445
artem_2023,4260
artem_2023,2871
artem_2023,2882
artem_2023,4755
vseslav77,2352
vseslav77,3620
vseslav77,3755
vseslav77,1006
vseslav77,3296
stanimir_51,4621
stanimir_51,3063
stanimir_51,4169
stanimir_51,836
stanimir_51,4625
evdokija_1981,2648
evdokija_1981,4565
evdokija_1981,859
evdokija_1981,1446
evdokija_1981,1246
zosima_41,170
zosima_41,2409
zosima_41,345
zosima_41,3517
zosima_41,401
vturova,2480
vturova,271
vturova,3372
vturova,158
vturova,4546
kim1989,2426
kim1989,448
kim1989,1532
kim1989,4107
kim1989,1035
vchernov,2877
vchernov,1665
vchernov,1337
vchernov,2182
vchernov,125
klavdija34,3451
klavdija34,1248
klavdija34,2668
klavdija34,124
klavdija34,3248
veselovvladimir,2987
veselovvladimir,3187
veselovvladimir,2981
veselovvladimir,2040
veselovvladimir,4693
jan1999,593
jan1999,2634
jan1999,1031
jan1999,1828
jan1999,1970
afedotov,3356
afedotov,923
afedotov,4290
afedotov,2014
afedotov,1462
epifankozlov,2473
epifankozlov,4799
epifankozlov,3562
epifankozlov,4776
epifankozlov,4576
askold_86,60
askold_86,454
askold_86,3139
askold_86,165
askold_86,4151
seliverstgrishin,3077
seliverstgrishin,1296
seliverstgrishin,1441
seliverstgrishin,1397
seliverstgrishin,2214
uljan_1979,2651
uljan_1979,4226
uljan_1979,4718
uljan_1979,3272
uljan_1979,275
ignati_45,1140
ignati_45,4663
ignati_45,1698
ignati_45,3421
ignati_45,4684
gushchinjakov,3149
gushchinjakov,3328
gushchinjakov,2500
gushchinjakov,948
gushchinjakov,1315
bobrovpetr,3042
bobrovpetr,2806
bobrovpetr,1524
bobrovpetr,1681
bobrovpetr,989
aleksandra_1994,120
aleksandra_1994,885
aleksandra_1994,3250
aleksandra_1994,3163
aleksandra_1994,4921
nikandrrjabov,715
nikandrrjabov,2586
nikandrrjabov,4751
nikandrrjabov,1309
nikandrrjabov,4418
kovalevernst,3637
kovalevernst,376
kovalevernst,300
kovalevernst,3837
kovalevernst,671
trifon1979,2370
trifon1979,1664
trifon1979,4873
trifon1979,4215
trifon1979,4369
kudrjavtsevevlampi,3386
kudrjavtsevevlampi,2248
kudrjavtsevevlampi,3203
kudrjavtsevevlampi,3414
kudrjavtsevevlampi,2513
isaevataisija,1865
isaevataisija,874
isaevataisija,3681
isaevataisija,2194
isaevataisija,3344
anike_2001,2076
anike_2001,1213
anike_2001,3946
anike_2001,1323
anike_2001,2789
ratibor67,3917
ratibor67,816
ratibor67,812
ratibor67,250
ratibor67,584
petrovefrem,2408
petrovefrem,919
petrovefrem,1941
petrovefrem,4447
petrovefrem,508
ippolitsergeev,4154
ippolitsergeev,241
ippolitsergeev,2842
ippolitsergeev,3368
ippolitsergeev,4838
mishinsvjatopolk,1820
mishinsvjatopolk,1335
mishinsvjatopolk,2610
mishinsvjatopolk,4637
mishinsvjatopolk,1363
bronislavlitkin,352
bronislavlitkin,2758
bronislavlitkin,4458
bronislavlitkin,1255
bronislavlitkin,1152
gavrila_79,2613
gavrila_79,2640
gavrila_79,2244
gavrila_79,2596
gavrila_79,4146
kornil2002,3524
kornil2002,693
kornil2002,2302
kornil2002,3957
kornil2002,732
asharapova,4568
asharapova,4743
asharapova,3439
asharapova,297
asharapova,1449
boris_2001,1796
boris_2001,2688
boris_2001,4733
boris_2001,4326
boris_2001,1560
gedeon14,2080
gedeon14,1750
gedeon14,1287
gedeon14,114
gedeon14,667
kir22,3926
kir22,3651
kir22,3597
kir22,349
kir22,2561
kostinostap,2505
kostinostap,3239
kostinostap,4738
kostinostap,2551
kostinostap,3465
ctimofeev,4158
ctimofeev,4981
ctimofeev,2830
ctimofeev,3258
ctimofeev,3379
evdokimovsamuil,913
evdokimovsamuil,2770
evdokimovsamuil,27
evdokimovsamuil,406
evdokimovsamuil,4190
agafonsamolov,189
agafonsamolov,2790
agafonsamolov,1269
agafonsamolov,4327
agafonsamolov,3398
shirjaevairina,4124
shirjaevairina,4165
shirjaevairina,680
shirjaevairina,12
shirjaevairina,3699
polikarp1982,3949
polikarp1982,2324
polikarp1982,3215
polikarp1982,1253
polikarp1982,2188
ermil1977,3128
ermil1977,792
ermil1977,2450
ermil1977,1344
ermil1977,1066
lapinvenedikt,2383
lapinvenedikt,3458
lapinvenedikt,4056
lapinvenedikt,2579
lapinvenedikt,1887
shestakovaksenija,2430
shestakovaksenija,2306
shestakovaksenija,2482
shestakovaksenija,2007
shestakovaksenija,4129
jaroslav_84,850
jaroslav_84,589
jaroslav_84,3768
jaroslav_84,1029
jaroslav_84,793
radislav1987,3054
radislav1987,1732
radislav1987,3623
radislav1987,4113
radislav1987,4779
okorolev,3126
okorolev,3254
okorolev,1763
okorolev,1563
okorolev,2161
nikolaevboleslav,778
nikolaevboleslav,4777
nikolaevboleslav,1110
nikolaevboleslav,39
nikolaevboleslav,3455
ippolitgavrilov,4275
ippolitgavrilov,3893
ippolitgavrilov,4865
ippolitgavrilov,1879
ippolitgavrilov,225
ipati2006,3787
ipati2006,388
ipati2006,1010
ipati2006,2279
ipati2006,796
suhanovustin,4372
suhanovustin,1078
suhanovustin,4503
suhanovustin,1171
suhanovustin,3376
jakushevaninel,2798
jakushevaninel,4709
jakushevaninel,3824
jakushevaninel,4640
jakushevaninel,1840
frol_1974,1612
frol_1974,4655
frol_1974,77
frol_1974,1188
frol_1974,1366
tamara77,2839
tamara77,4378
tamara77,2353
tamara77,3058
tamara77,4519
zuevazoja,1692
zuevazoja,4442
zuevazoja,389
zuevazoja,2690
zuevazoja,641
ija_2022,2995
ija_2022,1911
ija_2022,339
ija_2022,817
ija_2022,3814
lavrterentev,1518
lavrterentev,2032
lavrterentev,4539
lavrterentev,2189
lavrterentev,2078
david_1983,900
david_1983,3224
david_1983,2669
david_1983,1178
david_1983,3981
nikitinkazimir,2222
nikitinkazimir,408
nikitinkazimir,4702
nikitinkazimir,2348
nikitinkazimir,877
moise16,3066
moise16,941
moise16,1023
moise16,1997
moise16,3575
ilinprokofi,4362
ilinprokofi,3351
ilinprokofi,4518
ilinprokofi,1108
ilinprokofi,4014
izjaslav30,3937
izjaslav30,1666
izjaslav30,4597
izjaslav30,1063
izjaslav30,4619
makarfilippov,3965
makarfilippov,161
makarfilippov,708
makarfilippov,2277
makarfilippov,4295
ermola_53,1588
ermola_53,608
ermola_53,156
ermola_53,4363
ermola_53,2747
ulukina,1927
ulukina,4430
ulukina,1401
ulukina,4197
ulukina,4729
kornil12,1013
kornil12,2043
kornil12,3576
kornil12,1077
kornil12,1930
rburova,1297
rburova,4731
rburova,1351
rburova,215
rburova,530
feoktistkulakov,1568
feoktistkulakov,557
feoktistkulakov,1198
feoktistkulakov,4507
feoktistkulakov,3929
leon_49,820
leon_49,4119
leon_49,55
leon_49,2439
leon_49,3784
kvorobeva,3197
kvorobeva,4985
kvorobeva,3116
kvorobeva,3496
kvorobeva,4504
samuil10,4021
samuil10,2951
samuil10,2636
samuil10,4403
samuil10,821
mstislavbelousov,433
mstislavbelousov,4468
mstislavbelousov,4131
mstislavbelousov,2462
mstislavbelousov,2714
viktorija75,4643
viktorija75,2082
viktorija75,3107
viktorija75,933
viktorija75,4933
kkonstantinov,1068
kkonstantinov,803
kkonstantinov,730
kkonstantinov,2436
kkonstantinov,4246
seliverstovgremislav,3359
seliverstovgremislav,3808
seliverstovgremislav,411
seliverstovgremislav,4592
seliverstovgremislav,3295
milovan_55,2834
milovan_55,3055
milovan_55,819
milovan_55,2711
milovan_55,2115
ilarion_1981,3242
ilarion_1981,3700
ilarion_1981,2608
ilarion_1981,2272
ilarion_1981,950
sofija1998,4986
sofija1998,4054
sofija1998,2892
sofija1998,4245
sofija1998,2546
averki_52,3300
averki_52,1542
averki_52,521
averki_52,2652
averki_52,3235
kopilovevstigne,4256
kopilovevstigne,1420
kopilovevstigne,2445
kopilovevstigne,1227
kopilovevstigne,2138
volkovizot,2994
volkovizot,3385
volkovizot,2126
volkovizot,2208
volkovizot,1243
ereme_1998,1821
ereme_1998,4674
ereme_1998,4827
ereme_1998,3719
ereme_1998,2193
moke1996,935
moke1996,3819
moke1996,2487
moke1996,4532
moke1996,2269
aleksandrovamos,1760
aleksandrovamos,2656
aleksandrovamos,1357
aleksandrovamos,318
aleksandrovamos,4832
vorobevdorofe,4274
vorobevdorofe,883
vorobevdorofe,2635
vorobevdorofe,1207
vorobevdorofe,475
arkadi1998,4486
arkadi1998,2570
arkadi1998,1705
arkadi1998,1103
arkadi1998,2602
nikon68,3644
nikon68,3335
nikon68,4682
nikon68,3249
nikon68,522
vorobevaantonina,4603
vorobevaantonina,2693
vorobevaantonina,3306
vorobevaantonina,2441
vorobevaantonina,1200
bogdan_47,4174
bogdan_47,4130
bogdan_47,3214
bogdan_47,2672
bogdan_47,1223
dmitri_18,1710
dmitri_18,4243
dmitri_18,2986
dmitri_18,1685
dmitri_18,4880
qgerasimov,399
qgerasimov,2694
qgerasimov,4388
qgerasimov,1037
qgerasimov,3420
elise2010,88
elise2010,1624
elise2010,3330
elise2010,2867
elise2010,1208
nikitinbudimir,3533
nikitinbudimir,3582
nikitinbudimir,4340
nikitinbudimir,3674
nikitinbudimir,2293
natalja_2014,4332
natalja_2014,2416
natalja_2014,3760
natalja_2014,3862
natalja_2014,612
seleznevsila,494
seleznevsila,4299
seleznevsila,1991
seleznevsila,1616
seleznevsila,1610
frjabova,202
frjabova,1360
frjabova,1343
frjabova,587
frjabova,594
matveevprohor,4561
matveevprohor,53
matveevprohor,2294
matveevprohor,3695
matveevprohor,3005
amos1972,788
amos1972,4193
amos1972,4064
amos1972,1958
amos1972,78
alebedeva,3591
alebedeva,705
alebedeva,3723
alebedeva,1478
alebedeva,2846
kotovmatve,3302
kotovmatve,658
kotovmatve,4533
kotovmatve,4887
kotovmatve,3964
samsonovavalerija,4487
samsonovavalerija,2687
samsonovavalerija,1238
samsonovavalerija,3412
samsonovavalerija,4940
rusakovarhip,599
rusakovarhip,3922
rusakovarhip,1291
rusakovarhip,4913
rusakovarhip,89
petrovavarvara,4816
petrovavarvara,1443
petrovavarvara,569
petrovavarvara,3923
petrovavarvara,422
naumovevgeni,4631
naumovevgeni,1836
naumovevgeni,141
naumovevgeni,2134
naumovevgeni,2775
vikenti66,2266
vikenti66,2110
vikenti66,2204
vikenti66,683
vikenti66,1971
natalja47,3110
natalja47,1254
natalja47,3012
natalja47,4318
natalja47,69
bobilevazoja,29
bobilevazoja,807
bobilevazoja,825
bobilevazoja,3146
bobilevazoja,1030
serge1994,4768
serge1994,3159
serge1994,1111
serge1994,1906
serge1994,4760
kolobovaagata,1085
kolobovaagata,4615
kolobovaagata,4948
kolobovaagata,3341
kolobovaagata,4870
valeri_2013,2375
valeri_2013,3996
valeri_2013,3101
valeri_2013,1051
valeri_2013,417
bazhen_61,3935
bazhen_61,2939
bazhen_61,981
bazhen_61,3509
bazhen_61,2150
sigizmundlavrentev,1934
sigizmundlavrentev,1842
sigizmundlavrentev,2056
sigizmundlavrentev,2118
sigizmundlavrentev,1813
zbikov,3877
zbikov,2565
zbikov,2016
zbikov,1893
zbikov,1421
konstantin_1992,4328
konstantin_1992,3560
konstantin_1992,2368
konstantin_1992,2314
konstantin_1992,523
kirill84,2162
kirill84,1822
kirill84,4228
kirill84,2446
kirill84,3669
kliment_2022,1688
kliment_2022,1773
kliment_2022,283
kliment_2022,4231
kliment_2022,2912
taras_75,3809
taras_75,3255
taras_75,3194
taras_75,3924
taras_75,2122
nikon28,4769
nikon28,157
nikon28,4797
nikon28,3342
nikon28,4997
komarovavalentina,870
komarovavalentina,3175
komarovavalentina,615
komarovavalentina,1768
komarovavalentina,2878
fjudin,3986
fjudin,2160
fjudin,1106
fjudin,2493
fjudin,38
klavdija_91,4192
klavdija_91,1451
klavdija_91,4925
klavdija_91,1247
klavdija_91,1484
kallistrat1972,3222
kallistrat1972,4351
kallistrat1972,826
kallistrat1972,3040
kallistrat1972,4954
gostomisl_18,1662
gostomisl_18,4476
gostomisl_18,3666
gostomisl_18,3547
gostomisl_18,2421
karp_1988,3519
karp_1988,2287
karp_1988,3754
karp_1988,3408
karp_1988,2139
fade_56,996
fade_56,1764
fade_56,2583
fade_56,1611
fade_56,1211
avtonom1991,524
avtonom1991,2626
avtonom1991,1972
avtonom1991,4425
avtonom1991,1608
dobroslav1977,986
dobroslav1977,642
dobroslav1977,1026
dobroslav1977,3829
dobroslav1977,430
emeljanovspartak,1153
emeljanovspartak,3212
emeljanovspartak,3729
emeljanovspartak,1862
emeljanovspartak,1823
gavrila_16,3293
gavrila_16,243
gavrila_16,1125
gavrila_16,2284
gavrila_16,1113
akuzmin,185
akuzmin,2622
akuzmin,4529
akuzmin,3086
akuzmin,3871
rsuhanova,3853
rsuhanova,4095
rsuhanova,1325
rsuhanova,4325
rsuhanova,2985
alekse_2012,3747
alekse_2012,2207
alekse_2012,2258
alekse_2012,4419
alekse_2012,3840
maja_58,4803
maja_58,3432
maja_58,2433
maja_58,3691
maja_58,1824
kostingerman,2152
kostingerman,393
kostingerman,845
kostingerman,2419
kostingerman,4906
ibobrov,1361
ibobrov,862
ibobrov,4601
ibobrov,1388
ibobrov,773
innokenti_1985,1065
innokenti_1985,4349
innokenti_1985,3990
innokenti_1985,4545
innokenti_1985,2471
venediktgrigorev,4216
venediktgrigorev,4757
venediktgrigorev,2427
venediktgrigorev,3758
venediktgrigorev,4272
evgenifilatov,4910
evgenifilatov,4164
evgenifilatov,1718
evgenifilatov,1251
evgenifilatov,1808
panovisa,1321
panovisa,2599
panovisa,1256
panovisa,4831
panovisa,1457
akoroleva,1454
akoroleva,2815
akoroleva,2175
akoroleva,4773
akoroleva,3642
gbaranov,461
gbaranov,739
gbaranov,1356
gbaranov,1703
gbaranov,4098
gordeivanov,4008
gordeivanov,4894
gordeivanov,2365
gordeivanov,1994
gordeivanov,4075
kir2021,2785
kir2021,2357
kir2021,2201
kir2021,446
kir2021,3079
makar_2019,1392
makar_2019,3571
makar_2019,3978
makar_2019,4302
makar_2019,2962
filatovtrifon,1541
filatovtrifon,4789
filatovtrifon,2927
filatovtrifon,1430
filatovtrifon,4895
nifont66,4001
nifont66,2581
nifont66,1967
nifont66,3453
nifont66,2901
ershovaalla,3867
ershovaalla,4477
ershovaalla,4817
ershovaalla,3508
ershovaalla,4964
baranovorest,4117
baranovorest,1278
baranovorest,228
baranovorest,1856
baranovorest,2975
leonti59,1939
leonti59,2129
leonti59,1594
leonti59,945
leonti59,2140
stanimir_2019,1798
stanimir_2019,4993
stanimir_2019,3188
stanimir_2019,2899
stanimir_2019,711
trofimovcheslav,622
trofimovcheslav,4035
trofimovcheslav,1503
trofimovcheslav,216
trofimovcheslav,1678
noskovaakulina,4714
noskovaakulina,1127
noskovaakulina,429
noskovaakulina,3774
noskovaakulina,2907
veronika12,1067
veronika12,3141
veronika12,3367
veronika12,4329
veronika12,974
azari1970,566
azari1970,2422
azari1970,420
azari1970,2819
azari1970,4971
doroninaolimpiada,4186
doroninaolimpiada,1477
doroninaolimpiada,4292
doroninaolimpiada,1929
doroninaolimpiada,3323
adam2007,3882
adam2007,4537
adam2007,1025
adam2007,4810
adam2007,2017
anisim_55,2072
anisim_55,1803
anisim_55,649
anisim_55,4139
anisim_55,355
budimir_84,1593
budimir_84,2615
budimir_84,3859
budimir_84,2046
budimir_84,3906
evstafi_35,3103
evstafi_35,1426
evstafi_35,3343
evstafi_35,2417
evstafi_35,663
lavrentiseliverstov,3759
lavrentiseliverstov,267
lavrentiseliverstov,1416
lavrentiseliverstov,63
lavrentiseliverstov,2451
milan_1984,3948
milan_1984,4670
milan_1984,2262
milan_1984,2804
milan_1984,3030
mihailgalkin,1802
mihailgalkin,3064
mihailgalkin,2077
mihailgalkin,3967
mihailgalkin,1978
florentin52,716
florentin52,2526
florentin52,3358
florentin52,1569
florentin52,4671
agge40,4508
agge40,4613
agge40,354
agge40,1191
agge40,1953
svetozar_26,4694
svetozar_26,2449
svetozar_26,2623
svetozar_26,2112
svetozar_26,2605
vitalinikitin,1072
vitalinikitin,2619
vitalinikitin,1567
vitalinikitin,1172
vitalinikitin,2329
kuprijan51,2646
kuprijan51,2521
kuprijan51,1177
kuprijan51,3821
kuprijan51,3801
gushchinaeleonora,324
gushchinaeleonora,2060
gushchinaeleonora,1391
gushchinaeleonora,2955
gushchinaeleonora,2168
krjukovavera,2202
krjukovavera,167
krjukovavera,4834
krjukovavera,116
krjukovavera,3202
margarita_2013,795
margarita_2013,3851
margarita_2013,1793
margarita_2013,1744
margarita_2013,2657
terentevagalina,2516
terentevagalina,7
terentevagalina,4076
terentevagalina,3060
terentevagalina,897
vlasovprov,3000
vlasovprov,4050
vlasovprov,3943
vlasovprov,725
vlasovprov,2066
nosovisidor,4858
nosovisidor,2002
nosovisidor,3656
nosovisidor,4606
nosovisidor,1559
miheevkallistrat,3727
miheevkallistrat,1584
miheevkallistrat,4097
miheevkallistrat,4513
miheevkallistrat,2680
porfiri33,967
porfiri33,724
porfiri33,4867
porfiri33,4837
porfiri33,559
tihon71,4945
tihon71,460
tihon71,4672
tihon71,1570
tihon71,1838
jakovlevfeliks,4203
jakovlevfeliks,2609
jakovlevfeliks,1600
jakovlevfeliks,699
jakovlevfeliks,3993
varlaam_2005,975
varlaam_2005,806
varlaam_2005,3931
varlaam_2005,1845
varlaam_2005,4204
zinovevgedeon,1777
zinovevgedeon,4505
zinovevgedeon,3311
zinovevgedeon,2915
zinovevgedeon,1973
zinovi39,384
zinovi39,2219
zinovi39,373
zinovi39,1963
zinovi39,1794
ustinovegor,2913
ustinovegor,2472
ustinovegor,329
ustinovegor,1147
ustinovegor,914
jakushevvladislav,1762
jakushevvladislav,3307
jakushevvladislav,2143
jakushevvladislav,618
jakushevvladislav,4501
ippolitefremov,2091
ippolitefremov,450
ippolitefremov,3280
ippolitefremov,3901
ippolitefremov,1241
fedot_75,2824
fedot_75,68
fedot_75,107
fedot_75,3820
fedot_75,596
maksim_99,507
maksim_99,3842
maksim_99,400
maksim_99,3
maksim_99,3271
denisovsofron,970
denisovsofron,2068
denisovsofron,2038
denisovsofron,1499
denisovsofron,168
konon51,346
konon51,3407
konon51,2313
konon51,4849
konon51,3002
prohor_2022,4775
prohor_2022,4574
prohor_2022,3884
prohor_2022,4602
prohor_2022,1550
vadim1987,4288
vadim1987,2458
vadim1987,4920
vadim1987,4475
vadim1987,4092
valeri_00,1818
valeri_00,754
valeri_00,4912
valeri_00,1394
valeri_00,2184
petuhovaljudmila,613
petuhovaljudmila,3536
petuhovaljudmila,2402
petuhovaljudmila,4127
petuhovaljudmila,1505
strelkovamarija,1176
strelkovamarija,755
strelkovamarija,3707
strelkovamarija,3234
strelkovamarija,4141
gkulagin,1989
gkulagin,133
gkulagin,2618
gkulagin,4590
gkulagin,231
noskovpantelemon,1276
noskovpantelemon,4044
noskovpantelemon,1851
noskovpantelemon,978
noskovpantelemon,3083
sribakov,45
sribakov,4462
sribakov,3515
sribakov,3730
sribakov,2054
gennadi1989,2873
gennadi1989,4720
gennadi1989,2503
gennadi1989,4756
gennadi1989,4600
seliverst_78,2761
seliverst_78,2164
seliverst_78,3444
seliverst_78,1620
seliverst_78,3748
kapitonshubin,485
kapitonshubin,3383
kapitonshubin,208
kapitonshubin,3277
kapitonshubin,955
ljubomir_2019,4839
ljubomir_2019,4946
ljubomir_2019,582
ljubomir_2019,33
ljubomir_2019,2461
smirnovvlas,3559
smirnovvlas,4763
smirnovvlas,1020
smirnovvlas,197
smirnovvlas,4740
dementi_1988,2828
dementi_1988,240
dementi_1988,2247
dementi_1988,277
dementi_1988,4303
evpraksija42,4905
evpraksija42,3665
evpraksija42,1844
evpraksija42,4181
evpraksija42,3243
gerasim53,4123
gerasim53,1150
gerasim53,2011
gerasim53,3856
gerasim53,4330
vorobevaljubov,1192
vorobevaljubov,363
vorobevaljubov,3806
vorobevaljubov,4062
vorobevaljubov,1004
martinvorontsov,4926
martinvorontsov,3911
martinvorontsov,583
martinvorontsov,4902
martinvorontsov,2993
ratmir_1985,2695
ratmir_1985,477
ratmir_1985,4443
ratmir_1985,3531
ratmir_1985,2227
romanovkuprijan,906
romanovkuprijan,3603
romanovkuprijan,3460
romanovkuprijan,1089
romanovkuprijan,2879
timofeevparamon,1318
timofeevparamon,1534
timofeevparamon,344
timofeevparamon,650
timofeevparamon,1713
nadezhda_2001,1041
nadezhda_2001,1720
nadezhda_2001,1076
nadezhda_2001,1899
nadezhda_2001,4761
rozhkovisa,578
rozhkovisa,1901
rozhkovisa,2231
rozhkovisa,1233
rozhkovisa,536
terenti04,465
terenti04,3740
terenti04,1014
terenti04,4974
terenti04,2792
zhuravlevjanuari,1229
zhuravlevjanuari,839
zhuravlevjanuari,2296
zhuravlevjanuari,4557
zhuravlevjanuari,3616
jakov06,3963
jakov06,858
jakov06,1918
jakov06,1974
jakov06,2674
fedot_55,4715
fedot_55,3664
fedot_55,1948
fedot_55,1342
fedot_55,3899
kornilzaharov,2198
kornilzaharov,65
kornilzaharov,2524
kornilzaharov,4242
kornilzaharov,3038
timur_1995,625
timur_1995,95
timur_1995,3590
timur_1995,3209
timur_1995,3315
jkoshelev,818
jkoshelev,2260
jkoshelev,76
jkoshelev,3766
jkoshelev,320
golubevaaleksandra,4367
golubevaaleksandra,4383
golubevaaleksandra,2554
golubevaaleksandra,1422
golubevaaleksandra,2278
golubevjulian,1898
golubevjulian,1667
golubevjulian,1303
golubevjulian,2787
golubevjulian,4916
orehovorest,4762
orehovorest,3171
orehovorest,3580
orehovorest,4703
orehovorest,1455
kirtitov,236
kirtitov,67
kirtitov,2528
kirtitov,2560
kirtitov,3225
sharapovasvetlana,2607
sharapovasvetlana,1197
sharapovasvetlana,3223
sharapovasvetlana,383
sharapovasvetlana,3499
vorontsovipat,637
vorontsovipat,471
vorontsovipat,4922
vorontsovipat,2732
vorontsovipat,1614
konovalovvladlen,2734
konovalovvladlen,3241
konovalovvladlen,3168
konovalovvladlen,3125
konovalovvladlen,1206
efimburov,1850
efimburov,2087
efimburov,4315
efimburov,3182
efimburov,3880
martinmoiseev,453
martinmoiseev,2631
martinmoiseev,3237
martinmoiseev,1271
martinmoiseev,4735
silinmitofan,469
silinmitofan,3682
silinmitofan,620
silinmitofan,911
silinmitofan,548
shirjaevfoka,655
shirjaevfoka,2298
shirjaevfoka,1587
shirjaevfoka,580
shirjaevfoka,1677
sitnikovapraskovja,3236
sitnikovapraskovja,2330
sitnikovapraskovja,4528
sitnikovapraskovja,938
sitnikovapraskovja,2163
borisovaantonina,4521
borisovaantonina,252
borisovaantonina,3199
borisovaantonina,4677
borisovaantonina,1539
shubinspiridon,2737
shubinspiridon,2593
shubinspiridon,4566
shubinspiridon,415
shubinspiridon,2531
noskovmilovan,2432
noskovmilovan,4712
noskovmilovan,451
noskovmilovan,3825
noskovmilovan,2132
erofe_95,237
erofe_95,2544
erofe_95,2261
erofe_95,4863
erofe_95,2172
artemi2015,1547
artemi2015,1283
artemi2015,2964
artemi2015,3951
artemi2015,1151
andronfilippov,1878
andronfilippov,3056
andronfilippov,2685
andronfilippov,2215
andronfilippov,2221
rmaslov,1495
rmaslov,3466
rmaslov,4103
rmaslov,3428
rmaslov,2119
kondratidorofeev,260
kondratidorofeev,97
kondratidorofeev,764
kondratidorofeev,2285
kondratidorofeev,591
konstantin15,371
konstantin15,1183
konstantin15,3726
konstantin15,4500
konstantin15,2517
anatoliartemev,872
anatoliartemev,386
anatoliartemev,1383
anatoliartemev,3991
anatoliartemev,2310
kononovilarion,2749
kononovilarion,4261
kononovilarion,4907
kononovilarion,2831
kononovilarion,198
ernstgurev,229
ernstgurev,1016
ernstgurev,3469
ernstgurev,2064
ernstgurev,22
bobrovjanuari,2971
bobrovjanuari,1407
bobrovjanuari,573
bobrovjanuari,4686
bobrovjanuari,4090
nikanor29,2774
nikanor29,757
nikanor29,286
nikanor29,3558
nikanor29,4544
krilovaalevtina,3942
krilovaalevtina,4697
krilovaalevtina,178
krilovaalevtina,398
krilovaalevtina,2494
selivanblohin,704
selivanblohin,2587
selivanblohin,1282
selivanblohin,1791
selivanblohin,1700
mishingorde,2309
mishingorde,4449
mishingorde,2454
mishingorde,1295
mishingorde,3348
lihachevauljana,991
lihachevauljana,3902
lihachevauljana,1897
lihachevauljana,4343
lihachevauljana,3017
jakushevatatjana,4850
jakushevatatjana,4541
jakushevatatjana,2686
jakushevatatjana,1012
jakushevatatjana,159
moiseevatamara,3745
moiseevatamara,4170
moiseevatamara,2088
moiseevatamara,1028
moiseevatamara,4754
fevronija_2006,4233
fevronija_2006,3216
fevronija_2006,2178
fevronija_2006,263
fevronija_2006,1637
sisoevavera,4558
sisoevavera,939
sisoevavera,2354
sisoevavera,1943
sisoevavera,1712
trofimmjasnikov,4483
trofimmjasnikov,8
trofimmjasnikov,378
trofimmjasnikov,1218
trofimmjasnikov,931
moise_1997,4152
moise_1997,1882
moise_1997,3062
moise_1997,1096
moise_1997,1676
fedor87,3600
fedor87,166
fedor87,707
fedor87,2191
fedor87,1038
radovan1991,1075
radovan1991,2399
radovan1991,150
radovan1991,338
radovan1991,3317
natan62,3823
natan62,2098
natan62,2102
natan62,183
natan62,1311
vadim2004,3866
vadim2004,1438
vadim2004,3736
vadim2004,4853
vadim2004,3072
haritonovaolga,681
haritonovaolga,1573
haritonovaolga,3118
haritonovaolga,1134
haritonovaolga,1527
anani31,3377
anani31,3526
anani31,4140
anani31,1686
anani31,3738
nikiforovereme,4860
nikiforovereme,2637
nikiforovereme,2501
nikiforovereme,403
nikiforovereme,998
aleksandr_87,3545
aleksandr_87,2625
aleksandr_87,2044
aleksandr_87,3818
aleksandr_87,1221
ziminmartin,1163
ziminmartin,2131
ziminmartin,4482
ziminmartin,4662
ziminmartin,2771
tretjakovtverdislav,2004
tretjakovtverdislav,3294
tretjakovtverdislav,579
tretjakovtverdislav,4577
tretjakovtverdislav,2840
ernest1997,2943
ernest1997,1544
ernest1997,3959
ernest1997,3609
ernest1997,1483
lobanovlavr,2919
lobanovlavr,1965
lobanovlavr,387
lobanovlavr,3366
lobanovlavr,126
smirnovaklavdija,2973
smirnovaklavdija,2443
smirnovaklavdija,1639
smirnovaklavdija,1920
smirnovaklavdija,4695
galina44,1995
galina44,959
galina44,1788
galina44,1848
galina44,4924
zinaida_2015,823
zinaida_2015,2476
zinaida_2015,4456
zinaida_2015,2611
zinaida_2015,21
ignatevavera,2807
ignatevavera,4847
ignatevavera,3662
ignatevavera,692
ignatevavera,444
vladlen10,2991
vladlen10,1689
vladlen10,550
vladlen10,4980
vladlen10,1339
shcherbakovemmanuil,1531
shcherbakovemmanuil,2568
shcherbakovemmanuil,4441
shcherbakovemmanuil,268
shcherbakovemmanuil,4321
bikovsofron,2063
bikovsofron,2967
bikovsofron,2641
bikovsofron,493
bikovsofron,195
kopilovaalla,875
kopilovaalla,843
kopilovaalla,3459
kopilovaalla,3822
kopilovaalla,4
golubevazoja,3371
golubevazoja,2713
golubevazoja,4884
golubevazoja,2169
golubevazoja,4254
xkorolev,908
xkorolev,4585
xkorolev,4400
xkorolev,3353
xkorolev,4161
samson40,3952
samson40,526
samson40,1740
samson40,4636
samson40,1537
grigorevaagata,4234
grigorevaagata,1959
grigorevaagata,4459
grigorevaagata,2799
grigorevaagata,310
kallistrat_2009,1922
kallistrat_2009,501
kallistrat_2009,1406
kallistrat_2009,3778
kallistrat_2009,1564
anastasija1988,4208
anastasija1988,1596
anastasija1988,552
anastasija1988,1393
anastasija1988,2781
visheslav1970,49
visheslav1970,2518
visheslav1970,3652
visheslav1970,1143
visheslav1970,2008
sidor_1998,2887
sidor_1998,4037
sidor_1998,1555
sidor_1998,2914
sidor_1998,3607
sitnikovalora,3584
sitnikovalora,4833
sitnikovalora,4247
sitnikovalora,516
sitnikovalora,2576
avksenti2002,3287
avksenti2002,3007
avksenti2002,1950
avksenti2002,3073
avksenti2002,4490
danilovvladimir,2239
danilovvladimir,502
danilovvladimir,82
danilovvladimir,2069
danilovvladimir,558
mjasnikovaalevtina,987
mjasnikovaalevtina,713
mjasnikovaalevtina,4710
mjasnikovaalevtina,2597
mjasnikovaalevtina,4387
wsamolova,1903
wsamolova,1216
wsamolova,3137
wsamolova,3025
wsamolova,3693
ustinovlavrenti,944
ustinovlavrenti,1553
ustinovlavrenti,592
ustinovlavrenti,3493
ustinovlavrenti,1619
tvorimir37,142
tvorimir37,4848
tvorimir37,4359
tvorimir37,2529
tvorimir37,1410
lebedevandre,3939
lebedevandre,4515
lebedevandre,1174
lebedevandre,3316
lebedevandre,1746
irina1976,3845
irina1976,447
irina1976,2485
irina1976,3278
irina1976,4609
petrovradim,4898
petrovradim,3337
petrovradim,4376
petrovradim,2862
petrovradim,1605
glafira_89,1385
glafira_89,467
glafira_89,4175
glafira_89,737
glafira_89,3487
lukjan02,3456
lukjan02,1121
lukjan02,4355
lukjan02,1590
lukjan02,1371
serafim12,4012
serafim12,2850
serafim12,4201
serafim12,2864
serafim12,1975
potapovbazhen,4307
potapovbazhen,134
potapovbazhen,4136
potapovbazhen,4722
potapovbazhen,2053
iosifmartinov,3961
iosifmartinov,1613
iosifmartinov,531
iosifmartinov,2970
iosifmartinov,1094
vinogradovazhanna,3494
vinogradovazhanna,4405
vinogradovazhanna,1626
vinogradovazhanna,3361
vinogradovazhanna,3516
epifan31,4805
epifan31,3057
epifan31,1445
epifan31,3142
epifan31,1492
radislav1998,929
radislav1998,1962
radislav1998,3422
radislav1998,3936
radislav1998,4000
radim2000,804
radim2000,3185
radim2000,2343
radim2000,2497
radim2000,3680
terentevcheslav,3143
terentevcheslav,4569
terentevcheslav,1996
terentevcheslav,630
terentevcheslav,17
molchanovapollinari,1578
molchanovapollinari,1960
molchanovapollinari,4965
molchanovapollinari,673
molchanovapollinari,4236
pahomovbronislav,1463
pahomovbronislav,4030
pahomovbronislav,1772
pahomovbronislav,2827
pahomovbronislav,4451
vseslav1978,3152
vseslav1978,299
vseslav1978,2673
vseslav1978,3082
vseslav1978,980
matveevustin,3535
matveevustin,2339
matveevustin,3454
matveevustin,2174
matveevustin,4473
uisakov,968
uisakov,1088
uisakov,3703
uisakov,1827
uisakov,4489
ostromir_1978,3619
ostromir_1978,4660
ostromir_1978,4736
ostromir_1978,1695
ostromir_1978,661
rogovlavrenti,1472
rogovlavrenti,3598
rogovlavrenti,1264
rogovlavrenti,2982
rogovlavrenti,4020
nbeljakov,2603
nbeljakov,248
nbeljakov,4641
nbeljakov,177
nbeljakov,917
fedor11,1540
fedor11,4024
fedor11,4223
fedor11,1880
fedor11,4753
ydoronina,3022
ydoronina,4026
ydoronina,1727
ydoronina,4989
ydoronina,2328
komarovmilan,1602
komarovmilan,1630
komarovmilan,2983
komarovmilan,4570
komarovmilan,4410
iraida11,1476
iraida11,2155
iraida11,3950
iraida11,6
iraida11,2849
alevtina79,347
alevtina79,4687
alevtina79,1095
alevtina79,3435
alevtina79,3888
agafon_1982,4846
agafon_1982,3003
agafon_1982,2926
agafon_1982,2404
agafon_1982,1928
sitnikovsidor,1435
sitnikovsidor,1112
sitnikovsidor,1316
sitnikovsidor,2660
sitnikovsidor,1751
leonti_54,1475
leonti_54,4094
leonti_54,4652
leonti_54,3123
leonti_54,4313
timofe_07,4885
timofe_07,61
timofe_07,2157
timofe_07,3561
timofe_07,2114
uilin,1194
uilin,2448
uilin,83
uilin,2823
uilin,3530
julisuhanov,4280
julisuhanov,3364
julisuhanov,4335
julisuhanov,3170
julisuhanov,2033
nikon40,2571
nikon40,3668
nikon40,759
nikon40,4195
nikon40,2237
zahar1999,3130
zahar1999,700
zahar1999,2130
zahar1999,342
zahar1999,369
karp49,3388
karp49,2670
karp49,4150
karp49,2093
karp49,419
konon36,2510
konon36,2506
konon36,4783
konon36,4512
konon36,1520
uzuev,946
uzuev,2530
uzuev,3577
uzuev,2504
uzuev,2666
ereme1974,1170
ereme1974,576
ereme1974,1661
ereme1974,242
ereme1974,1365
paramon1971,4991
paramon1971,3827
paramon1971,1263
paramon1971,452
paramon1971,1514
izjaslavturov,4171
izjaslavturov,1923
izjaslavturov,781
izjaslavturov,1071
izjaslavturov,2397
efimrusakov,1333
efimrusakov,4610
efimrusakov,3834
efimrusakov,2141
efimrusakov,4549
osipovmaksim,1473
osipovmaksim,1877
osipovmaksim,2592
osipovmaksim,1642
osipovmaksim,2312
agafja2011,4122
agafja2011,3567
agafja2011,2730
agafja2011,654
agafja2011,1847
guljaevakira,1352
guljaevakira,2539
guljaevakira,2466
guljaevakira,3448
guljaevakira,1237
arhipovafanasi,2331
arhipovafanasi,4085
arhipovafanasi,476
arhipovafanasi,1894
arhipovafanasi,2456
orest1970,155
orest1970,337
orest1970,4814
orest1970,2372
orest1970,2071
igor55,4011
igor55,1628
igor55,2151
igor55,4923
igor55,1908
agafonovnaum,4960
agafonovnaum,3505
agafonovnaum,2425
agafonovnaum,4739
agafonovnaum,547
tverdislav_1988,758
tverdislav_1988,1558
tverdislav_1988,4038
tverdislav_1988,4669
tverdislav_1988,2326
venediktvorobev,4717
venediktvorobev,1135
venediktvorobev,269
venediktvorobev,2953
venediktvorobev,4949
galina_69,1538
galina_69,4402
galina_69,4676
galina_69,46
galina_69,4118
faina_2020,4928
faina_2020,1577
faina_2020,2557
faina_2020,2549
faina_2020,1348
dmitri1997,4675
dmitri1997,3033
dmitri1997,2731
dmitri1997,364
dmitri1997,1552
szaharova,4481
szaharova,668
szaharova,2520
szaharova,1869
szaharova,2180
moiseeverofe,3495
moiseeverofe,1118
moiseeverofe,4737
moiseeverofe,2691
moiseeverofe,2453
ustinterentev,937
ustinterentev,1433
ustinterentev,2859
ustinterentev,4819
ustinterentev,3889
bogdanshcherbakov,4002
bogdanshcherbakov,722
bogdanshcherbakov,335
bogdanshcherbakov,4452
bogdanshcherbakov,327
boleslavdementev,1509
boleslavdementev,4644
boleslavdementev,687
boleslavdementev,2825
boleslavdementev,2335
evlampi_56,396
evlampi_56,2989
evlampi_56,726
evlampi_56,3006
evlampi_56,2816
fomichevmoise,2512
fomichevmoise,4323
fomichevmoise,943
fomichevmoise,391
fomichevmoise,3671
ershovafevronija,787
ershovafevronija,771
ershovafevronija,377
ershovafevronija,2802
ershovafevronija,4178
amos83,577
amos83,1285
amos83,740
amos83,2059
amos83,912
artemevkondrati,1633
artemevkondrati,151
artemevkondrati,200
artemevkondrati,4915
artemevkondrati,2883
braginolimpi,486
braginolimpi,2744
braginolimpi,744
braginolimpi,598
braginolimpi,3120
belovaninel,2100
belovaninel,331
belovaninel,3739
belovaninel,1525
belovaninel,1300
tihonovsemen,4009
tihonovsemen,3392
tihonovsemen,1104
tihonovsemen,2659
tihonovsemen,3052
prokofi1978,1708
prokofi1978,1914
prokofi1978,1598
prokofi1978,2490
prokofi1978,3492
melnikovdobromisl,2509
melnikovdobromisl,2318
melnikovdobromisl,3410
melnikovdobromisl,416
melnikovdobromisl,2295
kabanovalidija,4187
kabanovalidija,3438
kabanovalidija,129
kabanovalidija,442
kabanovalidija,782
alekseevandronik,4840
alekseevandronik,1669
alekseevandronik,706
alekseevandronik,1951
alekseevandronik,1999
molchanovjulian,4778
molchanovjulian,567
molchanovjulian,4969
molchanovjulian,334
molchanovjulian,2589
foma_84,259
foma_84,3881
foma_84,2933
foma_84,3568
foma_84,193
ostap69,2756
ostap69,71
ostap69,4291
ostap69,4595
ostap69,3720
knjazevferapont,3190
knjazevferapont,4984
knjazevferapont,831
knjazevferapont,555
knjazevferapont,3257
sharapovgavrila,3256
sharapovgavrila,1003
sharapovgavrila,3327
sharapovgavrila,556
sharapovgavrila,4691
kirill_2006,2176
kirill_2006,3706
kirill_2006,2614
kirill_2006,549
kirill_2006,2820
isakovlazar,4855
isakovlazar,4078
isakovlazar,4199
isakovlazar,971
isakovlazar,3658
pimen44,1954
pimen44,855
pimen44,1743
pimen44,4063
pimen44,947
strelkovkallistrat,4875
strelkovkallistrat,59
strelkovkallistrat,525
strelkovkallistrat,3245
strelkovkallistrat,3087
nina_1987,75
nina_1987,4357
nina_1987,686
nina_1987,1017
nina_1987,3301
lavrentevjuri,287
lavrentevjuri,3114
lavrentevjuri,1747
lavrentevjuri,214
lavrentevjuri,2559
evdokim_21,1124
evdokim_21,1274
evdokim_21,1312
evdokim_21,909
evdokim_21,4786
kondrategorov,2841
kondrategorov,31
kondrategorov,394
kondrategorov,1258
kondrategorov,496
fedosifedoseev,402
fedosifedoseev,2772
fedosifedoseev,779
fedosifedoseev,4821
fedosifedoseev,280
vorobevpantelemon,3014
vorobevpantelemon,644
vorobevpantelemon,1709
vorobevpantelemon,4382
vorobevpantelemon,372
modest_2012,3697
modest_2012,2322
modest_2012,3468
modest_2012,1091
modest_2012,4794
agafja_17,1079
agafja_17,3869
agafja_17,2886
agafja_17,4297
agafja_17,359
ruben_2021,3488
ruben_2021,4962
ruben_2021,3839
ruben_2021,2411
ruben_2021,927
velimirefimov,1494
velimirefimov,2793
velimirefimov,3401
velimirefimov,2499
velimirefimov,1083
timofe_02,2271
timofe_02,3135
timofe_02,3710
timofe_02,834
timofe_02,3279
anastasija24,988
anastasija24,1687
anastasija24,3696
anastasija24,2340
anastasija24,3708
sevastjan01,1
sevastjan01,1442
sevastjan01,1606
sevastjan01,601
sevastjan01,1957
jaropolk_08,2525
jaropolk_08,209
jaropolk_08,4563
jaropolk_08,1471
jaropolk_08,4179
solomon20,1308
solomon20,4398
solomon20,1831
solomon20,3329
solomon20,20
ekuzmin,4172
ekuzmin,3283
ekuzmin,1022
ekuzmin,1931
ekuzmin,3363
vsemil43,879
vsemil43,1759
vsemil43,3068
vsemil43,4542
vsemil43,751
oktjabrina_40,1353
oktjabrina_40,4523
oktjabrina_40,2212
oktjabrina_40,3657
oktjabrina_40,1566
gusevmoise,1497
gusevmoise,3088
gusevmoise,3908
gusevmoise,3049
gusevmoise,2282
emil1992,4553
emil1992,4547
emil1992,2822
emil1992,1099
emil1992,2274
konstantinevdokimov,4282
konstantinevdokimov,4990
konstantinevdokimov,3614
konstantinevdokimov,3979
konstantinevdokimov,2316
kalininaleksandr,4253
kalininaleksandr,4527
kalininaleksandr,4938
kalininaleksandr,3470
kalininaleksandr,4284
ekaterina_1970,3777
ekaterina_1970,1273
ekaterina_1970,1945
ekaterina_1970,3785
ekaterina_1970,2942
german_07,3490
german_07,1116
german_07,3612
german_07,597
german_07,2268
uvarovavalerija,1302
uvarovavalerija,2698
uvarovavalerija,679
uvarovavalerija,2868
uvarovavalerija,4361
krasilnikovzosima,4341
krasilnikovzosima,233
krasilnikovzosima,2250
krasilnikovzosima,42
krasilnikovzosima,3483
zosimaignatov,3075
zosimaignatov,306
zosimaignatov,799
zosimaignatov,4889
zosimaignatov,4412
askoldafanasev,2350
askoldafanasev,3863
askoldafanasev,3972
askoldafanasev,261
askoldafanasev,3036
morozovprokl,2930
morozovprokl,657
morozovprokl,3749
morozovprokl,3151
morozovprokl,856
moiseevkliment,4866
moiseevkliment,2533
moiseevkliment,4639
moiseevkliment,4559
moiseevkliment,4774
kotovtrifon,2218
kotovtrifon,4010
kotovtrifon,3892
kotovtrifon,2401
kotovtrifon,4089
gavrilovsimon,3551
gavrilovsimon,868
gavrilovsimon,3529
gavrilovsimon,3340
gavrilovsimon,3028
ostromir_02,3878
ostromir_02,747
ostromir_02,4767
ostromir_02,3920
ostromir_02,2567
bogdanovauljana,3482
bogdanovauljana,4429
bogdanovauljana,760
bogdanovauljana,2290
bogdanovauljana,1841
nkudrjashov,2105
nkudrjashov,412
nkudrjashov,1843
nkudrjashov,1487
nkudrjashov,2289
dmitriisaev,3578
dmitriisaev,3805
dmitriisaev,2321
dmitriisaev,1771
dmitriisaev,1434
vseslavdorofeev,0
vseslavdorofeev,2803
vseslavdorofeev,3944
vseslavdorofeev,873
vseslavdorofeev,235
lev_83,942
lev_83,2833
lev_83,1141
lev_83,519
lev_83,1574
mamontovaalevtina,2900
mamontovaalevtina,2595
mamontovaalevtina,4023
mamontovaalevtina,4899
mamontovaalevtina,3975
naumovalora,2751
naumovalora,960
naumovalora,175
naumovalora,1881
naumovalora,2642
zinaida16,539
zinaida16,562
zinaida16,2552
zinaida16,1625
zinaida16,1889
raisa_56,2925
raisa_56,2042
raisa_56,191
raisa_56,2624
raisa_56,4826
samson58,2996
samson58,869
samson58,2073
samson58,3457
samson58,4594
saveli33,905
saveli33,4939
saveli33,581
saveli33,4741
saveli33,2791
dmitrievaevdokija,204
dmitrievaevdokija,437
dmitrievaevdokija,3701
dmitrievaevdokija,1070
dmitrievaevdokija,3541
grigorevvladislav,4800
grigorevvladislav,238
grigorevvladislav,4975
grigorevvladislav,499
grigorevvladislav,3228
gerasim85,811
gerasim85,4374
gerasim85,2753
gerasim85,4829
gerasim85,3566
panfilovaalevtina,1658
panfilovaalevtina,614
panfilovaalevtina,2120
panfilovaalevtina,487
panfilovaalevtina,25
ggromov,3876
ggromov,4109
ggromov,164
ggromov,537
ggromov,4082
pavlovavera,3078
pavlovavera,2556
pavlovavera,2135
pavlovavera,4661
pavlovavera,2767
jaroslavblinov,3113
jaroslavblinov,2254
jaroslavblinov,3477
jaroslavblinov,4101
jaroslavblinov,4578
lihachevdorofe,1289
lihachevdorofe,3737
lihachevdorofe,3015
lihachevdorofe,301
lihachevdorofe,3229
pimen1982,734
pimen1982,1502
pimen1982,4573
pimen1982,3322
pimen1982,2580
anatoli_73,3811
anatoli_73,1546
anatoli_73,1519
anatoli_73,813
anatoli_73,4972
foma90,2750
foma90,2601
foma90,1154
foma90,3122
foma90,3119
ermola1992,51
ermola1992,219
ermola1992,3941
ermola1992,1785
ermola1992,3537
irakli_2014,2225
irakli_2014,786
irakli_2014,3046
irakli_2014,296
irakli_2014,2759
sofon2020,4524
sofon2020,3211
sofon2020,153
sofon2020,3100
sofon2020,336
akarpova,3332
akarpova,2843
akarpova,1132
akarpova,3308
akarpova,723
voronovkim,961
voronovkim,2633
voronovkim,1985
voronovkim,2606
voronovkim,2389
filipp_1989,4205
filipp_1989,4607
filipp_1989,2028
filipp_1989,1469
filipp_1989,2094
veniamin_1993,28
veniamin_1993,3034
veniamin_1993,332
veniamin_1993,2604
veniamin_1993,763
odintsovaninel,4156
odintsovaninel,4238
odintsovaninel,619
odintsovaninel,3599
odintsovaninel,2384
kolobovluka,2104
kolobovluka,4160
kolobovluka,1212
kolobovluka,4416
kolobovluka,4571
nkudrjavtseva,2253
nkudrjavtseva,2852
nkudrjavtseva,4285
nkudrjavtseva,1381
nkudrjavtseva,3004
frolovavde,3714
frolovavde,4132
frolovavde,1896
frolovavde,3321
frolovavde,4221
nina_72,1018
nina_72,270
nina_72,3134
nina_72,4446
nina_72,3793
gdavidova,62
gdavidova,2729
gdavidova,3399
gdavidova,2957
gdavidova,93
kir_1983,695
kir_1983,1290
kir_1983,2573
kir_1983,3104
kir_1983,3522
vasilevfoma,3879
vasilevfoma,2870
vasilevfoma,4424
vasilevfoma,838
vasilevfoma,2390
galkinnikon,3109
galkinnikon,3849
galkinnikon,1220
galkinnikon,2947
galkinnikon,3395
jakovlevfortunat,564
jakovlevfortunat,418
jakovlevfortunat,4100
jakovlevfortunat,1936
jakovlevfortunat,1609
matve_73,265
matve_73,2299
matve_73,255
matve_73,3646
matve_73,1275
cheslav_1984,1219
cheslav_1984,4043
cheslav_1984,4086
cheslav_1984,4608
cheslav_1984,2413
novikovpantelemon,972
novikovpantelemon,1758
novikovpantelemon,3512
novikovpantelemon,694
novikovpantelemon,4746
miheevsila,4322
miheevsila,3156
miheevsila,1179
miheevsila,1262
miheevsila,1545
spartak2021,4790
spartak2021,3331
spartak2021,317
spartak2021,2223
spartak2021,2860
kfilatova,192
kfilatova,3594
kfilatova,3715
kfilatova,4058
kfilatova,2632
taisija1991,1701
taisija1991,2229
taisija1991,56
taisija1991,3204
taisija1991,1721
emilija33,3291
emilija33,2245
emilija33,3320
emilija33,3076
emilija33,1580
mishinipati,2440
mishinipati,2428
mishinipati,3218
mishinipati,1536
mishinipati,3527
suhanovaljudmila,626
suhanovaljudmila,822
suhanovaljudmila,4836
suhanovaljudmila,2238
suhanovaljudmila,4874
lebedevdmitri,4734
lebedevdmitri,2280
lebedevdmitri,2998
lebedevdmitri,3463
lebedevdmitri,3782
afanasevairina,2387
afanasevairina,4856
afanasevairina,1696
afanasevairina,1753
afanasevairina,4882
akulina_59,3865
akulina_59,505
akulina_59,3783
akulina_59,366
akulina_59,4422
sofron_2010,4111
sofron_2010,3763
sofron_2010,3593
sofron_2010,293
sofron_2010,4041
vikenti30,3525
vikenti30,3685
vikenti30,3370
vikenti30,4084
vikenti30,2980
tatjana_2012,2051
tatjana_2012,2275
tatjana_2012,2101
tatjana_2012,1730
tatjana_2012,2681
ckulakova,3945
ckulakova,3622
ckulakova,964
ckulakova,973
ckulakova,3675
maslovkornil,1166
maslovkornil,35
maslovkornil,2089
maslovkornil,3429
maslovkornil,1370
elizaveta83,2423
elizaveta83,2498
elizaveta83,4891
elizaveta83,2936
elizaveta83,3338
ljubov2024,3732
ljubov2024,1855
ljubov2024,3447
ljubov2024,4003
ljubov2024,533
mishintverdislav,1306
mishintverdislav,2037
mishintverdislav,2005
mishintverdislav,1754
mishintverdislav,3430
filatovnikandr,1993
filatovnikandr,1107
filatovnikandr,2514
filatovnikandr,527
filatovnikandr,4222
nikandrgushchin,1413
nikandrgushchin,4498
nikandrgushchin,2916
nikandrgushchin,3625
nikandrgushchin,3124
silvestr_1998,3427
silvestr_1998,3310
silvestr_1998,925
silvestr_1998,1517
silvestr_1998,2369
ggrigorev,1210
ggrigorev,4019
ggrigorev,4227
ggrigorev,1347
ggrigorev,2050
jmedvedev,1885
jmedvedev,4627
jmedvedev,3105
jmedvedev,3927
jmedvedev,3962
varlaam_1982,4287
varlaam_1982,2144
varlaam_1982,96
varlaam_1982,2474
varlaam_1982,3940
uzhdanov,3396
uzhdanov,1956
uzhdanov,2881
uzhdanov,2649
uzhdanov,1131
kornilovpotap,1937
kornilovpotap,4900
kornilovpotap,829
kornilovpotap,3828
kornilovpotap,4386
uljanfilatov,4620
uljanfilatov,4788
uljanfilatov,2327
uljanfilatov,1795
uljanfilatov,852
osipovauljana,1977
osipovauljana,3921
osipovauljana,4338
osipovauljana,2489
osipovauljana,3031
stimofeev,4031
stimofeev,3563
stimofeev,743
stimofeev,4353
stimofeev,3540
efim_1992,2931
efim_1992,4713
efim_1992,2628
efim_1992,2630
efim_1992,3916
bkudrjashov,1456
bkudrjashov,4976
bkudrjashov,4244
bkudrjashov,3572
bkudrjashov,4052
ratibor_1998,4240
ratibor_1998,1317
ratibor_1998,64
ratibor_1998,841
ratibor_1998,3253
averjan1985,1511
averjan1985,1214
averjan1985,1340
averjan1985,4616
averjan1985,4370
makarovamvrosi,3757
makarovamvrosi,3193
makarovamvrosi,1452
makarovamvrosi,3138
makarovamvrosi,379
miroslav28,854
miroslav28,249
miroslav28,1988
miroslav28,3284
miroslav28,880
oshilova,4032
oshilova,1453
oshilova,1674
oshilova,4742
oshilova,4077
tmaksimova,3544
tmaksimova,3474
tmaksimova,2885
tmaksimova,2342
tmaksimova,2085
mishinsolomon,4622
mishinsolomon,4654
mishinsolomon,3570
mishinsolomon,3897
mishinsolomon,4080
cheslav1971,772
cheslav1971,2558
cheslav1971,1589
cheslav1971,994
cheslav1971,1846
roman38,3903
roman38,721
roman38,2263
roman38,3626
roman38,1601
firs86,322
firs86,4314
firs86,3184
firs86,696
firs86,1867
ziminvladilen,2145
ziminvladilen,3781
ziminvladilen,3743
ziminvladilen,1715
ziminvladilen,1860
zinovi_2015,4842
zinovi_2015,2974
zinovi_2015,1378
zinovi_2015,484
zinovi_2015,3847
wodintsova,254
wodintsova,163
wodintsova,1741
wodintsova,48
wodintsova,311
mironovborislav,2699
mironovborislav,3688
mironovborislav,2431
mironovborislav,3266
mironovborislav,1092
arhipovmstislav,4250
arhipovmstislav,4795
arhipovmstislav,717
arhipovmstislav,4371
arhipovmstislav,4232
dobroslavpopov,3269
dobroslavpopov,2291
dobroslavpopov,1780
dobroslavpopov,4485
dobroslavpopov,1636
oksana42,1367
oksana42,2029
oksana42,3180
oksana42,2689
oksana42,729
glafira_32,2590
glafira_32,920
glafira_32,783
glafira_32,3132
glafira_32,4919
leon2022,4844
leon2022,2924
leon2022,4053
leon2022,4696
leon2022,239
varvara80,2232
varvara80,1913
varvara80,2921
varvara80,4229
varvara80,952
leonlavrentev,3443
leonlavrentev,1924
leonlavrentev,3102
leonlavrentev,4911
leonlavrentev,2548
tnikonova,3898
tnikonova,1529
tnikonova,4952
tnikonova,3357
tnikonova,3812
ssitnikova,1693
ssitnikova,861
ssitnikova,4653
ssitnikova,609
ssitnikova,2572
artemimelnikov,4728
artemimelnikov,43
artemimelnikov,4334
artemimelnikov,2019
artemimelnikov,4881
vitalitihonov,2166
vitalitihonov,3020
vitalitihonov,3312
vitalitihonov,1572
vitalitihonov,3131
korolevapelageja,1270
korolevapelageja,1925
korolevapelageja,4377
korolevapelageja,2009
korolevapelageja,4488
klavdi1999,2880
klavdi1999,2055
klavdi1999,2257
klavdi1999,2083
klavdi1999,2217
harlampi1989,4081
harlampi1989,851
harlampi1989,664
harlampi1989,1976
harlampi1989,438
ribakovafekla,14
ribakovafekla,2400
ribakovafekla,3659
ribakovafekla,3772
ribakovafekla,3974
valentin_2016,1654
valentin_2016,119
valentin_2016,4368
valentin_2016,3843
valentin_2016,72
foka_51,2242
foka_51,2374
foka_51,326
foka_51,534
foka_51,3596
prohorovamos,4843
prohorovamos,4177
prohorovamos,2358
prohorovamos,798
prohorovamos,3690
alevtina05,1805
alevtina05,1387
alevtina05,2760
alevtina05,3044
alevtina05,2704
panfil63,984
panfil63,3989
panfil63,669
panfil63,2363
panfil63,640
koshelevanonna,2437
koshelevanonna,2146
koshelevanonna,3621
koshelevanonna,4764
koshelevanonna,4516
blinovkarp,889
blinovkarp,427
blinovkarp,518
blinovkarp,4478
blinovkarp,1064
onufri_68,341
onufri_68,3932
onufri_68,3966
onufri_68,2167
onufri_68,785
paramon1989,4427
paramon1989,3090
paramon1989,3692
paramon1989,2742
paramon1989,2276
kazakovvissarion,1670
kazakovvissarion,665
kazakovvissarion,1267
kazakovvissarion,3751
kazakovvissarion,1046
ovchinnikovaanna,1909
ovchinnikovaanna,4937
ovchinnikovaanna,2958
ovchinnikovaanna,540
ovchinnikovaanna,111
krilovprov,1783
krilovprov,312
krilovprov,181
krilovprov,4040
krilovprov,2469
anisimhohlov,634
anisimhohlov,3261
anisimhohlov,4525
anisimhohlov,3802
anisimhohlov,992
mbobrov,3186
mbobrov,2418
mbobrov,4389
mbobrov,330
mbobrov,3873
stepanovalekse,731
stepanovalekse,3984
stepanovalekse,3636
stepanovalekse,2336
stepanovalekse,1890
ippolit_78,638
ippolit_78,1165
ippolit_78,1837
ippolit_78,2137
ippolit_78,1488
viktorzuev,2566
viktorzuev,2797
viktorzuev,1932
viktorzuev,4551
viktorzuev,2778
agafonoverast,648
agafonoverast,3977
agafonoverast,4567
agafonoverast,2031
agafonoverast,4147
amvrosi_1984,1474
amvrosi_1984,697
amvrosi_1984,2388
amvrosi_1984,3500
amvrosi_1984,2444
akim_00,895
akim_00,4198
akim_00,2026
akim_00,1726
akim_00,3162
aleksandrovleonid,4649
aleksandrovleonid,3789
aleksandrovleonid,3390
aleksandrovleonid,1244
aleksandrovleonid,1167
upoljakov,1643
upoljakov,2805
upoljakov,3650
upoljakov,1450
upoljakov,2718
taksenova,4611
taksenova,3195
taksenova,4520
taksenova,4472
taksenova,3925
pkarpova,423
pkarpova,3958
pkarpova,4582
pkarpova,1675
pkarpova,4296
pankrati_1971,1556
pankrati_1971,572
pankrati_1971,3504
pankrati_1971,3200
pankrati_1971,2638
rusakovasvetlana,985
rusakovasvetlana,1119
rusakovasvetlana,1465
rusakovasvetlana,1336
rusakovasvetlana,639
aristarh_1983,2434
aristarh_1983,2945
aristarh_1983,4987
aristarh_1983,1508
aristarh_1983,2796
nikifor1987,2894
nikifor1987,4277
nikifor1987,1437
nikifor1987,3947
nikifor1987,2866
ratibor_99,4721
ratibor_99,1926
ratibor_99,3098
ratibor_99,2414
ratibor_99,2990
porfiri_2007,1084
porfiri_2007,1376
porfiri_2007,3148
porfiri_2007,1781
porfiri_2007,2795
lavr_1994,903
lavr_1994,3051
lavr_1994,3654
lavr_1994,2888
lavr_1994,3290
mihail1995,2853
mihail1995,4963
mihail1995,149
mihail1995,2003
mihail1995,3750
julipopov,313
julipopov,2808
julipopov,3021
julipopov,4279
julipopov,3411
ymakarova,2584
ymakarova,3276
ymakarova,2067
ymakarova,2241
ymakarova,2898
miron_22,462
miron_22,4202
miron_22,922
miron_22,2929
miron_22,4268
jaropolk83,4230
jaropolk83,3260
jaropolk83,3586
jaropolk83,899
jaropolk83,3550
milen_1993,4970
milen_1993,4522
milen_1993,109
milen_1993,2682
milen_1993,606
antonovippolit,3210
antonovippolit,3166
antonovippolit,70
antonovippolit,1804
antonovippolit,2065
fade36,595
fade36,3080
fade36,2677
fade36,3988
fade36,4635
julija_1991,3476
julija_1991,2555
julija_1991,1650
julija_1991,3380
julija_1991,23
ignatovavde,915
ignatovavde,1786
ignatovavde,4114
ignatovavde,1892
ignatovavde,1888
sigizmundkirillov,520
sigizmundkirillov,4862
sigizmundkirillov,4426
sigizmundkirillov,3251
sigizmundkirillov,2777
anzhelika_1973,4893
anzhelika_1973,3631
anzhelika_1973,4562
anzhelika_1973,3349
anzhelika_1973,684
larionovnestor,4977
larionovnestor,1350
larionovnestor,365
larionovnestor,3595
larionovnestor,1565
simonovvjacheslav,735
simonovvjacheslav,4391
simonovvjacheslav,2741
simonovvjacheslav,544
simonovvjacheslav,833
mihalovamarfa,4083
mihalovamarfa,3914
mihalovamarfa,4820
mihalovamarfa,1307
mihalovamarfa,2724
jakub_1993,1682
jakub_1993,351
jakub_1993,4394
jakub_1993,1184
jakub_1993,3910
fade_1998,3588
fade_1998,866
fade_1998,4046
fade_1998,4298
fade_1998,4219
juvenalibeljaev,4876
juvenalibeljaev,742
juvenalibeljaev,1752
juvenalibeljaev,1876
juvenalibeljaev,953
anastasija_38,3070
anastasija_38,3813
anastasija_38,2748
anastasija_38,4480
anastasija_38,3844
anatoli97,3520
anatoli97,3670
anatoli97,2961
anatoli97,776
anatoli97,2621
dorofe44,4286
dorofe44,3230
dorofe44,632
dorofe44,1053
dorofe44,4650
martjan_86,1737
martjan_86,4144
martjan_86,1128
martjan_86,2654
martjan_86,835
vorobevradislav,1199
vorobevradislav,3894
vorobevradislav,3583
vorobevradislav,3769
vorobevradislav,3350
qbolshakova,1905
qbolshakova,924
qbolshakova,1461
qbolshakova,3532
qbolshakova,896
zoja_1977,3864
zoja_1977,2612
zoja_1977,1912
zoja_1977,2932
zoja_1977,3425
hegorov,3679
hegorov,1592
hegorov,4017
hegorov,4407
hegorov,2349
ernst_1986,1056
ernst_1986,1745
ernst_1986,2197
ernst_1986,2725
ernst_1986,554
fsimonov,815
fsimonov,466
fsimonov,2594
fsimonov,4271
fsimonov,253
lukjanteterin,3268
lukjanteterin,1964
lukjanteterin,768
lukjanteterin,3640
lukjanteterin,348
lora_2003,3247
lora_2003,4807
lora_2003,470
lora_2003,1288
lora_2003,842
moiseabramov,4854
moiseabramov,2968
moiseabramov,3047
moiseabramov,2722
moiseabramov,4450
evdokimovippolit,2186
evdokimovippolit,2564
evdokimovippolit,2000
evdokimovippolit,3027
evdokimovippolit,921
serge39,206
serge39,2084
serge39,2575
serge39,1815
serge39,66
gerasimovvjacheslav,4305
gerasimovvjacheslav,3999
gerasimovvjacheslav,1190
gerasimovvjacheslav,3554
gerasimovvjacheslav,3510
emeljanlazarev,4013
emeljanlazarev,1706
emeljanlazarev,1683
emeljanlazarev,1757
emeljanlazarev,2030
varfolome_1992,81
varfolome_1992,186
varfolome_1992,40
varfolome_1992,3240
varfolome_1992,234
panovalukija,3013
panovalukija,1007
panovalukija,1043
panovalukija,3918
panovalukija,3150
mihalovmstislav,1769
mihalovmstislav,982
mihalovmstislav,2496
mihalovmstislav,1359
mihalovmstislav,4772
gavrila00,4780
gavrila00,506
gavrila00,3352
gavrila00,4744
gavrila00,3858
vzhuravlev,2381
vzhuravlev,3728
vzhuravlev,2170
vzhuravlev,3069
vzhuravlev,1513
