id_prod,id_track
galina56,3070
galina56,1718
galina56,1292
galina56,875
galina56,2651
stojan_23,3157
stojan_23,3903
stojan_23,4552
stojan_23,771
stojan_23,646
dsazonov,647
dsazonov,298
dsazonov,2442
dsazonov,2196
dsazonov,1042
snikitina,1354
snikitina,4687
snikitina,4790
snikitina,3472
snikitina,1404
ipat2013,3884
ipat2013,2003
ipat2013,1845
ipat2013,27
ipat2013,1629
artemi_29,4206
artemi_29,2299
artemi_29,4311
artemi_29,2166
artemi_29,3742
kira_1993,677
kira_1993,324
kira_1993,1778
kira_1993,3748
kira_1993,4389
semenovaverjan,2826
semenovaverjan,4844
semenovaverjan,4562
semenovaverjan,4225
semenovaverjan,1101
blinovavasilisa,2474
blinovavasilisa,2643
blinovavasilisa,618
blinovavasilisa,3948
blinovavasilisa,4620
belousovmark,2400
belousovmark,584
belousovmark,1307
belousovmark,3946
belousovmark,1235
uljan_1986,2010
uljan_1986,2954
uljan_1986,2202
uljan_1986,999
uljan_1986,629
filaret89,4880
filaret89,1559
filaret89,2641
filaret89,812
filaret89,4576
zhukovamilitsa,4344
zhukovamilitsa,1849
zhukovamilitsa,2795
zhukovamilitsa,3543
zhukovamilitsa,2149
mihail93,3712
mihail93,3892
mihail93,1128
mihail93,967
mihail93,1009
mpotapov,2067
mpotapov,1423
mpotapov,3554
mpotapov,1586
mpotapov,4706
valeksandrova,451
valeksandrova,4657
valeksandrova,4595
valeksandrova,3012
valeksandrova,2109
afanasi1985,1208
afanasi1985,3735
afanasi1985,3443
afanasi1985,480
afanasi1985,2105
germangurev,327
germangurev,2850
germangurev,4489
germangurev,1678
germangurev,2435
rdementeva,4564
rdementeva,4316
rdementeva,1432
rdementeva,4782
rdementeva,10
makarovevlampi,4062
makarovevlampi,4754
makarovevlampi,1387
makarovevlampi,642
makarovevlampi,1127
julija1976,3033
julija1976,4974
julija1976,3140
julija1976,1887
julija1976,4274
markovspiridon,4541
markovspiridon,1134
markovspiridon,3818
markovspiridon,4095
markovspiridon,3636
kliment_06,2175
kliment_06,4462
kliment_06,2831
kliment_06,146
kliment_06,2036
gushchinfeliks,4531
gushchinfeliks,4236
gushchinfeliks,3176
gushchinfeliks,3710
gushchinfeliks,526
ananizimin,1071
ananizimin,1769
ananizimin,1477
ananizimin,4049
ananizimin,964
glafira_56,1152
glafira_56,305
glafira_56,2221
glafira_56,1076
glafira_56,1704
oleg21,502
oleg21,3873
oleg21,279
oleg21,1221
oleg21,659
timofe_1991,4278
timofe_1991,4159
timofe_1991,3726
timofe_1991,2555
timofe_1991,767
guriustinov,1285
guriustinov,2237
guriustinov,2147
guriustinov,358
guriustinov,14
terenti2007,4975
terenti2007,2573
terenti2007,4280
terenti2007,4402
terenti2007,4765
nikodim_61,1906
nikodim_61,139
nikodim_61,3514
nikodim_61,4655
nikodim_61,1230
spartakchernov,417
spartakchernov,1667
spartakchernov,2864
spartakchernov,7
spartakchernov,4708
kolesnikovnatan,3453
kolesnikovnatan,229
kolesnikovnatan,233
kolesnikovnatan,4150
kolesnikovnatan,2120
savinaija,1688
savinaija,2903
savinaija,1065
savinaija,4767
savinaija,184
ogalkin,3199
ogalkin,3501
ogalkin,2901
ogalkin,177
ogalkin,1740
shcherbakovauljana,2394
shcherbakovauljana,2863
shcherbakovauljana,1142
shcherbakovauljana,2545
shcherbakovauljana,4422
efrem_35,4808
efrem_35,4840
efrem_35,2412
efrem_35,1287
efrem_35,2514
naleksandrov,3779
naleksandrov,1498
naleksandrov,1402
naleksandrov,292
naleksandrov,1316
gleb1994,4732
gleb1994,829
gleb1994,390
gleb1994,897
gleb1994,3764
trofimovbazhen,2201
trofimovbazhen,4270
trofimovbazhen,1491
trofimovbazhen,4418
trofimovbazhen,4471
zuevdavid,3162
zuevdavid,3036
zuevdavid,126
zuevdavid,428
zuevdavid,551
eshcherbakova,3432
eshcherbakova,37
eshcherbakova,2230
eshcherbakova,1207
eshcherbakova,781
arseni1996,3234
arseni1996,1461
arseni1996,3656
arseni1996,2654
arseni1996,774
arkadi_1996,2216
arkadi_1996,4088
arkadi_1996,864
arkadi_1996,416
arkadi_1996,3235
anzhela_2018,2570
anzhela_2018,3722
anzhela_2018,4208
anzhela_2018,3958
anzhela_2018,1183
samson_48,3924
samson_48,3888
samson_48,4883
samson_48,368
samson_48,3431
viktorija1999,538
viktorija1999,3979
viktorija1999,1376
viktorija1999,2439
viktorija1999,1933
kulaginavera,4574
kulaginavera,2769
kulaginavera,4772
kulaginavera,663
kulaginavera,165
miheevmartin,3284
miheevmartin,90
miheevmartin,1136
miheevmartin,1237
miheevmartin,1987
nikandr1975,1942
nikandr1975,3247
nikandr1975,309
nikandr1975,1489
nikandr1975,1796
luka18,554
luka18,1927
luka18,3095
luka18,3342
luka18,2876
ratmir_54,3538
ratmir_54,810
ratmir_54,1456
ratmir_54,678
ratmir_54,4459
egorovaevfrosinija,1213
egorovaevfrosinija,3663
egorovaevfrosinija,636
egorovaevfrosinija,4773
egorovaevfrosinija,925
odintsovkondrati,3121
odintsovkondrati,2914
odintsovkondrati,3934
odintsovkondrati,3922
odintsovkondrati,2866
fomichevfirs,3906
fomichevfirs,4897
fomichevfirs,376
fomichevfirs,1219
fomichevfirs,1851
arhipmishin,3673
arhipmishin,215
arhipmishin,4796
arhipmishin,1672
arhipmishin,972
andrepanfilov,2047
andrepanfilov,3863
andrepanfilov,4248
andrepanfilov,3241
andrepanfilov,2235
david1989,4635
david1989,377
david1989,966
david1989,3622
david1989,2398
evstafi_2002,3667
evstafi_2002,1882
evstafi_2002,3313
evstafi_2002,1301
evstafi_2002,4227
boleslav_88,4045
boleslav_88,2030
boleslav_88,1350
boleslav_88,901
boleslav_88,3795
alevtina1999,2735
alevtina1999,4342
alevtina1999,4102
alevtina1999,3923
alevtina1999,4921
galina_41,3167
galina_41,1333
galina_41,3057
galina_41,3753
galina_41,1576
valerjan_1989,834
valerjan_1989,603
valerjan_1989,4168
valerjan_1989,3960
valerjan_1989,2906
knjazevasinklitikija,3428
knjazevasinklitikija,2947
knjazevasinklitikija,3172
knjazevasinklitikija,868
knjazevasinklitikija,660
kapiton_26,1327
kapiton_26,1859
kapiton_26,3926
kapiton_26,4909
kapiton_26,235
spartak_1996,4353
spartak_1996,987
spartak_1996,4719
spartak_1996,1157
spartak_1996,440
ostromirzhukov,3349
ostromirzhukov,2862
ostromirzhukov,4087
ostromirzhukov,2646
ostromirzhukov,1788
krilovairaida,1974
krilovairaida,1774
krilovairaida,1659
krilovairaida,381
krilovairaida,2490
amvrosipestov,3785
amvrosipestov,354
amvrosipestov,3435
amvrosipestov,58
amvrosipestov,2054
tarasovonufri,826
tarasovonufri,516
tarasovonufri,4393
tarasovonufri,2009
tarasovonufri,3417
kostinvikenti,3782
kostinvikenti,705
kostinvikenti,425
kostinvikenti,3868
kostinvikenti,1364
spartaknaumov,4560
spartaknaumov,3838
spartaknaumov,1741
spartaknaumov,3964
spartaknaumov,3352
venediktveselov,2874
venediktveselov,202
venediktveselov,209
venediktveselov,3526
venediktveselov,3562
kdorofeev,645
kdorofeev,3996
kdorofeev,2143
kdorofeev,1863
kdorofeev,1332
arseni2022,100
arseni2022,1690
arseni2022,1464
arseni2022,693
arseni2022,2852
danilovpankrati,329
danilovpankrati,4814
danilovpankrati,4854
danilovpankrati,4395
danilovpankrati,2873
jrusakova,2659
jrusakova,1003
jrusakova,903
jrusakova,4888
jrusakova,1878
ninel_2019,3040
ninel_2019,2539
ninel_2019,2238
ninel_2019,1965
ninel_2019,619
juli_22,1451
juli_22,4747
juli_22,1153
juli_22,1550
juli_22,3578
belozerovernest,3944
belozerovernest,1980
belozerovernest,4356
belozerovernest,3529
belozerovernest,3003
kiselevserafim,4549
kiselevserafim,620
kiselevserafim,711
kiselevserafim,784
kiselevserafim,4966
ldavidov,3286
ldavidov,434
ldavidov,523
ldavidov,1569
ldavidov,872
artem_2003,2840
artem_2003,4110
artem_2003,4586
artem_2003,3399
artem_2003,1820
agafonovzahar,494
agafonovzahar,4358
agafonovzahar,3152
agafonovzahar,3822
agafonovzahar,1991
nesterovstepan,1824
nesterovstepan,3488
nesterovstepan,3941
nesterovstepan,2875
nesterovstepan,4627
nifont_27,4729
nifont_27,818
nifont_27,4124
nifont_27,894
nifont_27,4077
evgeni_1993,4379
evgeni_1993,3319
evgeni_1993,495
evgeni_1993,3770
evgeni_1993,2533
lavrmerkushev,3862
lavrmerkushev,2807
lavrmerkushev,691
lavrmerkushev,4089
lavrmerkushev,1730
vorontsovnaum,1961
vorontsovnaum,1317
vorontsovnaum,4202
vorontsovnaum,1993
vorontsovnaum,2214
nikitinfedosi,4406
nikitinfedosi,341
nikitinfedosi,1313
nikitinfedosi,4194
nikitinfedosi,2135
alekse29,1466
alekse29,4123
alekse29,3410
alekse29,1973
alekse29,316
chernovaagata,3412
chernovaagata,389
chernovaagata,1921
chernovaagata,3546
chernovaagata,1038
bogdansuvorov,2065
bogdansuvorov,3759
bogdansuvorov,2139
bogdansuvorov,188
bogdansuvorov,4630
fedor_56,2014
fedor_56,2538
fedor_56,4861
fedor_56,3572
fedor_56,4232
frol_2010,2783
frol_2010,768
frol_2010,4166
frol_2010,3161
frol_2010,3684
naumprohorov,1605
naumprohorov,388
naumprohorov,2679
naumprohorov,3118
naumprohorov,3339
nikanor_90,3725
nikanor_90,3702
nikanor_90,679
nikanor_90,601
nikanor_90,469
alevtina_1972,1133
alevtina_1972,2022
alevtina_1972,3981
alevtina_1972,2086
alevtina_1972,4965
irakli1995,2944
irakli1995,4629
irakli1995,1929
irakli1995,3479
irakli1995,3169
ipat24,1766
ipat24,4938
ipat24,3993
ipat24,408
ipat24,2684
alekse_2000,3231
alekse_2000,1742
alekse_2000,809
alekse_2000,33
alekse_2000,2999
ermakovparfen,4822
ermakovparfen,3976
ermakovparfen,622
ermakovparfen,2289
ermakovparfen,2273
silinipat,3236
silinipat,258
silinipat,4673
silinipat,3109
silinipat,4004
agap2016,220
agap2016,2228
agap2016,4474
agap2016,2261
agap2016,1952
adriantitov,1407
adriantitov,3316
adriantitov,3549
adriantitov,1556
adriantitov,1613
evstigne2017,4084
evstigne2017,1577
evstigne2017,4036
evstigne2017,556
evstigne2017,2046
mstislavkalashnikov,1902
mstislavkalashnikov,3757
mstislavkalashnikov,4628
mstislavkalashnikov,1532
mstislavkalashnikov,3860
kulakovgostomisl,4286
kulakovgostomisl,255
kulakovgostomisl,2243
kulakovgostomisl,121
kulakovgostomisl,2262
kudrjashovafaina,3440
kudrjashovafaina,2078
kudrjashovafaina,2851
kudrjashovafaina,3125
kudrjashovafaina,1505
tatjana_04,1263
tatjana_04,2989
tatjana_04,4030
tatjana_04,1959
tatjana_04,4540
simonfomichev,884
simonfomichev,4288
simonfomichev,2007
simonfomichev,4252
simonfomichev,3857
mili_74,393
mili_74,1401
mili_74,4423
mili_74,970
mili_74,2489
lev1977,2628
lev1977,4189
lev1977,543
lev1977,2479
lev1977,4148
maja_2019,4942
maja_2019,4960
maja_2019,1151
maja_2019,1262
maja_2019,1943
visheslav2017,3911
visheslav2017,4994
visheslav2017,4135
visheslav2017,155
visheslav2017,3694
vatslav74,1380
vatslav74,3022
vatslav74,4470
vatslav74,1765
vatslav74,337
djachkovvsemil,4722
djachkovvsemil,2499
djachkovvsemil,3395
djachkovvsemil,2955
djachkovvsemil,4335
zlebedev,199
zlebedev,686
zlebedev,3211
zlebedev,510
zlebedev,4642
shubinegor,2805
shubinegor,1000
shubinegor,524
shubinegor,4365
shubinegor,835
averki69,3796
averki69,489
averki69,2211
averki69,4464
averki69,896
ubeljakova,858
ubeljakova,4367
ubeljakova,427
ubeljakova,2635
ubeljakova,918
lapinjaroslav,4806
lapinjaroslav,2921
lapinjaroslav,3659
lapinjaroslav,602
lapinjaroslav,1675
vladimirovkim,4192
vladimirovkim,4158
vladimirovkim,939
vladimirovkim,2680
vladimirovkim,3718
evdokimovatamara,3508
evdokimovatamara,3550
evdokimovatamara,4876
evdokimovatamara,3255
evdokimovatamara,2441
tarasovljubim,512
tarasovljubim,1024
tarasovljubim,714
tarasovljubim,2681
tarasovljubim,2933
valentin_2010,2420
valentin_2010,1403
valentin_2010,4610
valentin_2010,1204
valentin_2010,2233
nekrasovaanastasija,4331
nekrasovaanastasija,2389
nekrasovaanastasija,4315
nekrasovaanastasija,4795
nekrasovaanastasija,2197
grodionova,1819
grodionova,4967
grodionova,1829
grodionova,2688
grodionova,792
djachkovfedot,961
djachkovfedot,2338
djachkovfedot,3175
djachkovfedot,4243
djachkovfedot,2586
gordeevavera,3990
gordeevavera,4875
gordeevavera,1189
gordeevavera,2829
gordeevavera,2922
mironovmitofan,2023
mironovmitofan,630
mironovmitofan,2242
mironovmitofan,3573
mironovmitofan,2517
viktor_89,664
viktor_89,4170
viktor_89,3381
viktor_89,1666
viktor_89,4387
pkuznetsov,4511
pkuznetsov,3129
pkuznetsov,3997
pkuznetsov,4017
pkuznetsov,4621
rodionvorontsov,347
rodionvorontsov,2622
rodionvorontsov,3943
rodionvorontsov,102
rodionvorontsov,3654
valentina_45,1472
valentina_45,158
valentina_45,2452
valentina_45,4555
valentina_45,3491
longinsmirnov,520
longinsmirnov,973
longinsmirnov,366
longinsmirnov,4594
longinsmirnov,3856
stepanromanov,1052
stepanromanov,1182
stepanromanov,567
stepanromanov,1132
stepanromanov,3041
gedeon07,1899
gedeon07,2296
gedeon07,1732
gedeon07,477
gedeon07,3366
usamsonov,4201
usamsonov,224
usamsonov,4255
usamsonov,2656
usamsonov,1876
sharapovdenis,3103
sharapovdenis,1858
sharapovdenis,1821
sharapovdenis,2330
sharapovdenis,1396
naumovalukija,1060
naumovalukija,4174
naumovalukija,3331
naumovalukija,3422
naumovalukija,3787
demjan77,3201
demjan77,623
demjan77,545
demjan77,4725
demjan77,2433
kim_61,487
kim_61,891
kim_61,108
kim_61,338
kim_61,673
kallistrat38,1976
kallistrat38,3323
kallistrat38,3179
kallistrat38,1474
kallistrat38,511
poljakovmina,4490
poljakovmina,2776
poljakovmina,4360
poljakovmina,317
poljakovmina,802
konongerasimov,2997
konongerasimov,1299
konongerasimov,616
konongerasimov,3588
konongerasimov,2526
filipp_1999,4226
filipp_1999,4715
filipp_1999,1366
filipp_1999,983
filipp_1999,4445
smirnovaija,1181
smirnovaija,4636
smirnovaija,426
smirnovaija,765
smirnovaija,4584
emeljanovjakub,853
emeljanovjakub,3321
emeljanovjakub,3931
emeljanovjakub,2504
emeljanovjakub,1086
elizaveta08,4707
elizaveta08,2845
elizaveta08,4074
elizaveta08,4577
elizaveta08,3117
amosshcherbakov,4554
amosshcherbakov,4031
amosshcherbakov,1106
amosshcherbakov,1312
amosshcherbakov,462
vorontsovkirill,682
vorontsovkirill,4503
vorontsovkirill,4832
vorontsovkirill,3752
vorontsovkirill,1596
gostomisl_1983,3083
gostomisl_1983,2705
gostomisl_1983,1442
gostomisl_1983,4340
gostomisl_1983,2772
potapovvjacheslav,4583
potapovvjacheslav,519
potapovvjacheslav,2494
potapovvjacheslav,644
potapovvjacheslav,3711
afanasi_15,4977
afanasi_15,2026
afanasi_15,3182
afanasi_15,2104
afanasi_15,1843
veronika2001,3009
veronika2001,2329
veronika2001,3134
veronika2001,758
veronika2001,2728
cmatveev,3522
cmatveev,4467
cmatveev,2859
cmatveev,4320
cmatveev,3877
modest1998,993
modest1998,2374
modest1998,4287
modest1998,2645
modest1998,590
ustin_2004,1406
ustin_2004,3149
ustin_2004,4481
ustin_2004,3668
ustin_2004,2925
svjatopolkshchukin,2642
svjatopolkshchukin,2134
svjatopolkshchukin,300
svjatopolkshchukin,4735
svjatopolkshchukin,3478
nikodimeliseev,395
nikodimeliseev,3897
nikodimeliseev,3340
nikodimeliseev,2250
nikodimeliseev,1910
zaharnikolaev,870
zaharnikolaev,2213
zaharnikolaev,2744
zaharnikolaev,4615
zaharnikolaev,3216
apollon2010,4495
apollon2010,2902
apollon2010,1546
apollon2010,2820
apollon2010,1177
vorobevfortunat,4478
vorobevfortunat,3763
vorobevfortunat,2936
vorobevfortunat,4391
vorobevfortunat,1673
rogovladimir,1102
rogovladimir,2484
rogovladimir,2895
rogovladimir,4324
rogovladimir,3359
rlarionov,457
rlarionov,2281
rlarionov,4746
rlarionov,1091
rlarionov,974
averki_22,1217
averki_22,3014
averki_22,3612
averki_22,4543
averki_22,3716
ljubim_1973,1225
ljubim_1973,4884
ljubim_1973,109
ljubim_1973,2002
ljubim_1973,3750
vitali_2003,3195
vitali_2003,3449
vitali_2003,3966
vitali_2003,406
vitali_2003,3915
ykoroleva,3266
ykoroleva,2984
ykoroleva,750
ykoroleva,4989
ykoroleva,1917
lavrentevmartin,4943
lavrentevmartin,36
lavrentevmartin,3251
lavrentevmartin,532
lavrentevmartin,4753
smirnovapollon,906
smirnovapollon,2655
smirnovapollon,751
smirnovapollon,2247
smirnovapollon,2423
izot_27,3050
izot_27,4739
izot_27,1373
izot_27,1908
izot_27,3155
nazarovprokofi,4152
nazarovprokofi,1300
nazarovprokofi,4403
nazarovprokofi,867
nazarovprokofi,3411
pahomovaivanna,4781
pahomovaivanna,1610
pahomovaivanna,297
pahomovaivanna,4223
pahomovaivanna,3661
leonid_02,281
leonid_02,4446
leonid_02,1357
leonid_02,2996
leonid_02,4845
adrian_95,1913
adrian_95,4107
adrian_95,4020
adrian_95,2501
adrian_95,840
danilovsamson,1665
danilovsamson,1452
danilovsamson,3072
danilovsamson,535
danilovsamson,1484
viktorinmaslov,151
viktorinmaslov,888
viktorinmaslov,2291
viktorinmaslov,3729
viktorinmaslov,2741
filimon_58,387
filimon_58,2719
filimon_58,4057
filimon_58,4734
filimon_58,1988
shashkovamilitsa,1196
shashkovamilitsa,508
shashkovamilitsa,3114
shashkovamilitsa,1805
shashkovamilitsa,4649
aleksandra_19,230
aleksandra_19,47
aleksandra_19,1664
aleksandra_19,3531
aleksandra_19,4121
samuil_08,1099
samuil_08,1405
samuil_08,596
samuil_08,4094
samuil_08,1304
vsemil63,4792
vsemil63,3047
vsemil63,4804
vsemil63,1711
vsemil63,278
sidorovterenti,1949
sidorovterenti,933
sidorovterenti,3584
sidorovterenti,2855
sidorovterenti,2582
cheslavlobanov,4447
cheslavlobanov,4308
cheslavlobanov,4770
cheslavlobanov,1685
cheslavlobanov,861
ilinjuvenali,56
ilinjuvenali,2523
ilinjuvenali,1623
ilinjuvenali,4779
ilinjuvenali,3092
fgalkin,2611
fgalkin,4731
fgalkin,3983
fgalkin,2062
fgalkin,493
potap44,3252
potap44,631
potap44,4546
potap44,1506
potap44,1783
selivan1996,1253
selivan1996,940
selivan1996,652
selivan1996,1150
selivan1996,1912
mihe_46,3832
mihe_46,407
mihe_46,4524
mihe_46,4852
mihe_46,3898
ksenija_1975,1804
ksenija_1975,2218
ksenija_1975,4945
ksenija_1975,2578
ksenija_1975,1875
epifan1970,2789
epifan1970,4245
epifan1970,735
epifan1970,4439
epifan1970,743
innokenti_70,531
innokenti_70,1463
innokenti_70,2402
innokenti_70,4483
innokenti_70,4710
shashkovatamara,1114
shashkovatamara,614
shashkovatamara,360
shashkovatamara,2126
shashkovatamara,4309
filimon2017,213
filimon2017,863
filimon2017,1149
filimon2017,799
filimon2017,93
emmanuil84,1409
emmanuil84,3439
emmanuil84,3740
emmanuil84,2371
emmanuil84,3480
okulikova,438
okulikova,4222
okulikova,3955
okulikova,4855
okulikova,680
hristofor_1971,1848
hristofor_1971,3598
hristofor_1971,2887
hristofor_1971,1624
hristofor_1971,2491
filatovpetr,4570
filatovpetr,589
filatovpetr,3080
filatovpetr,181
filatovpetr,3146
kiselevmiron,2426
kiselevmiron,952
kiselevmiron,1873
kiselevmiron,4383
kiselevmiron,4372
ljubosmislguljaev,2541
ljubosmislguljaev,1273
ljubosmislguljaev,1117
ljubosmislguljaev,3927
ljubosmislguljaev,3627
zhdanovlavr,612
zhdanovlavr,1945
zhdanovlavr,6
zhdanovlavr,3487
zhdanovlavr,2279
lev72,907
lev72,1773
lev72,2817
lev72,3936
lev72,4016
ermola46,1760
ermola46,3900
ermola46,2629
ermola46,4328
ermola46,2229
radimgordeev,1720
radimgordeev,4891
radimgordeev,1425
radimgordeev,2100
radimgordeev,796
evdokimbeljaev,986
evdokimbeljaev,3326
evdokimbeljaev,4714
evdokimbeljaev,1192
evdokimbeljaev,3991
kornil_1981,4341
kornil_1981,1633
kornil_1981,4702
kornil_1981,1473
kornil_1981,1353
epifan20,3994
epifan20,4136
epifan20,2249
epifan20,2638
epifan20,3085
nadezhda_36,3603
nadezhda_36,4993
nadezhda_36,3885
nadezhda_36,3459
nadezhda_36,2801
militsa_1987,3174
militsa_1987,331
militsa_1987,530
militsa_1987,1336
militsa_1987,4249
titovradim,3697
titovradim,259
titovradim,4547
titovradim,131
titovradim,2669
grigorirjabov,136
grigorirjabov,116
grigorirjabov,4833
grigorirjabov,3156
grigorirjabov,3104
valentina_1986,4193
valentina_1986,17
valentina_1986,2872
valentina_1986,4535
valentina_1986,1251
fgorbacheva,4798
fgorbacheva,998
fgorbacheva,703
fgorbacheva,1315
fgorbacheva,4038
svetlana_39,2480
svetlana_39,3792
svetlana_39,2767
svetlana_39,2473
svetlana_39,4044
kuzma_48,1686
kuzma_48,3754
kuzma_48,3575
kuzma_48,2796
kuzma_48,4188
petuhovpankrat,2792
petuhovpankrat,3901
petuhovpankrat,1022
petuhovpankrat,4415
petuhovpankrat,2091
dementisimonov,142
dementisimonov,3679
dementisimonov,3264
dementisimonov,3788
dementisimonov,4919
loginovgeorgi,312
loginovgeorgi,3078
loginovgeorgi,813
loginovgeorgi,902
loginovgeorgi,3391
haritonsavelev,4841
haritonsavelev,2700
haritonsavelev,1013
haritonsavelev,1428
haritonsavelev,4579
mili_56,4221
mili_56,1934
mili_56,43
mili_56,4612
mili_56,2428
pestovstanislav,2675
pestovstanislav,4384
pestovstanislav,1486
pestovstanislav,837
pestovstanislav,4435
ostapsilin,3294
ostapsilin,1837
ostapsilin,3977
ostapsilin,2971
ostapsilin,4454
nikitinmstislav,798
nikitinmstislav,3437
nikitinmstislav,4514
nikitinmstislav,2939
nikitinmstislav,2551
rjabovfoti,4277
rjabovfoti,2260
rjabovfoti,2577
rjabovfoti,1734
rjabovfoti,577
drozdovanisim,4289
drozdovanisim,2042
drozdovanisim,4425
drozdovanisim,2314
drozdovanisim,3258
dbobilev,1459
dbobilev,1331
dbobilev,4872
dbobilev,196
dbobilev,2309
mihe26,851
mihe26,3921
mihe26,3429
mihe26,2810
mihe26,560
kornilbragin,3303
kornilbragin,2668
kornilbragin,2069
kornilbragin,2231
kornilbragin,2808
blinovamilitsa,1900
blinovamilitsa,385
blinovamilitsa,4002
blinovamilitsa,4377
blinovamilitsa,2460
evdokija44,3335
evdokija44,3513
evdokija44,1911
evdokija44,2324
evdokija44,4304
kononovdmitri,4072
kononovdmitri,491
kononovdmitri,1082
kononovdmitri,2616
kononovdmitri,2814
prokofi14,1651
prokofi14,3
prokofi14,4738
prokofi14,2113
prokofi14,2790
eisakova,3533
eisakova,4093
eisakova,2917
eisakova,2833
eisakova,2561
nikonovspiridon,1148
nikonovspiridon,2493
nikonovspiridon,3836
nikonovspiridon,4952
nikonovspiridon,2724
vasilevaanzhelika,1815
vasilevaanzhelika,3962
vasilevaanzhelika,3142
vasilevaanzhelika,1257
vasilevaanzhelika,4070
skorolev,1198
skorolev,391
skorolev,206
skorolev,1790
skorolev,1657
popovevstigne,4363
popovevstigne,4700
popovevstigne,846
popovevstigne,1025
popovevstigne,2209
gsisoeva,2749
gsisoeva,1264
gsisoeva,2804
gsisoeva,2604
gsisoeva,3555
bmatveev,687
bmatveev,3852
bmatveev,1802
bmatveev,3361
bmatveev,306
leonti_1977,2704
leonti_1977,4412
leonti_1977,4617
leonti_1977,1512
leonti_1977,877
sokoloveduard,876
sokoloveduard,75
sokoloveduard,4665
sokoloveduard,3026
sokoloveduard,13
miron_30,2040
miron_30,1440
miron_30,2896
miron_30,671
miron_30,1880
innokenti60,3834
innokenti60,2754
innokenti60,1745
innokenti60,749
innokenti60,4047
visheslav36,4472
visheslav36,1764
visheslav36,1173
visheslav36,4183
visheslav36,419
agafon2009,3388
agafon2009,2697
agafon2009,3523
agafon2009,1044
agafon2009,1467
rogovazoja,1700
rogovazoja,4936
rogovazoja,1522
rogovazoja,1723
rogovazoja,1118
makarovairaida,766
makarovairaida,1956
makarovairaida,2985
makarovairaida,1543
makarovairaida,3577
nestor_36,724
nestor_36,3889
nestor_36,1838
nestor_36,3035
nestor_36,1212
gorbunovnikola,3062
gorbunovnikola,1794
gorbunovnikola,3632
gorbunovnikola,4684
gorbunovnikola,3086
agap76,2524
agap76,4339
agap76,3343
agap76,2885
agap76,1864
kliment_86,2882
kliment_86,1012
kliment_86,2164
kliment_86,4294
kliment_86,737
evlampi_1974,927
evlampi_1974,1538
evlampi_1974,797
evlampi_1974,1639
evlampi_1974,3762
drozdovtaras,1722
drozdovtaras,3950
drozdovtaras,3202
drozdovtaras,4048
drozdovtaras,628
fortunat92,2476
fortunat92,4718
fortunat92,325
fortunat92,1056
fortunat92,61
krasilnikovaksenija,2232
krasilnikovaksenija,3648
krasilnikovaksenija,4361
krasilnikovaksenija,3672
krasilnikovaksenija,4902
seleznevmatve,2527
seleznevmatve,4920
seleznevmatve,1280
seleznevmatve,4605
seleznevmatve,4506
lavrentevmilovan,1197
lavrentevmilovan,448
lavrentevmilovan,1255
lavrentevmilovan,1234
lavrentevmilovan,2557
efim_50,4505
efim_50,3630
efim_50,3371
efim_50,1695
efim_50,4190
timofeevagge,4600
timofeevagge,4971
timofeevagge,1755
timofeevagge,3798
timofeevagge,4638
larionovamvrosi,913
larionovamvrosi,2649
larionovamvrosi,1785
larionovamvrosi,3756
larionovamvrosi,4590
semen_03,1320
semen_03,4493
semen_03,3353
semen_03,787
semen_03,2220
gordeevaaleksandra,883
gordeevaaleksandra,3334
gordeevaaleksandra,2506
gordeevaaleksandra,3563
gordeevaaleksandra,3806
forehov,4534
forehov,4608
forehov,4399
forehov,3539
forehov,3954
nekrasovanonna,4071
nekrasovanonna,3695
nekrasovanonna,2133
nekrasovanonna,2613
nekrasovanonna,1347
yfilippova,2185
yfilippova,717
yfilippova,4645
yfilippova,1321
yfilippova,2886
vera2000,608
vera2000,4724
vera2000,1005
vera2000,1274
vera2000,4024
afanasi91,4140
afanasi91,2799
afanasi91,3214
afanasi91,4533
afanasi91,3801
arhipovanadezhda,1890
arhipovanadezhda,2662
arhipovanadezhda,2521
arhipovanadezhda,2410
arhipovanadezhda,1602
avde_93,2283
avde_93,1064
avde_93,198
avde_93,1109
avde_93,2935
ippolitshilov,1940
ippolitshilov,1894
ippolitshilov,2775
ippolitshilov,694
ippolitshilov,4726
muravevserafim,4857
muravevserafim,4250
muravevserafim,1924
muravevserafim,4609
muravevserafim,1437
uljana_26,4061
uljana_26,1188
uljana_26,1
uljana_26,859
uljana_26,296
amarkov,2972
amarkov,186
amarkov,29
amarkov,370
amarkov,190
firs37,490
firs37,3153
firs37,2168
firs37,3645
firs37,1612
pahomstrelkov,3287
pahomstrelkov,275
pahomstrelkov,15
pahomstrelkov,739
pahomstrelkov,778
jaropolk_2014,1389
jaropolk_2014,1482
jaropolk_2014,3685
jaropolk_2014,597
jaropolk_2014,944
afanasevostap,3780
afanasevostap,402
afanasevostap,1391
afanasevostap,1580
afanasevostap,1852
noskovvelimir,4869
noskovvelimir,1985
noskovvelimir,2375
noskovvelimir,1923
noskovvelimir,280
nikonovkallistrat,1036
nikonovkallistrat,379
nikonovkallistrat,2818
nikonovkallistrat,785
nikonovkallistrat,1265
kornil1976,4631
kornil1976,1100
kornil1976,2813
kornil1976,2924
kornil1976,1857
kazakovtrifon,18
kazakovtrifon,474
kazakovtrifon,1298
kazakovtrifon,1529
kazakovtrifon,39
gerasimovmitofan,780
gerasimovmitofan,4039
gerasimovmitofan,2357
gerasimovmitofan,4319
gerasimovmitofan,3961
bikovnikifor,4716
bikovnikifor,2766
bikovnikifor,4463
bikovnikifor,3369
bikovnikifor,1329
kozlovairaida,4001
kozlovairaida,239
kozlovairaida,2475
kozlovairaida,216
kozlovairaida,692
loginovisa,2278
loginovisa,1948
loginovisa,1652
loginovisa,2694
loginovisa,1239
belovamos,2388
belovamos,170
belovamos,2276
belovamos,889
belovamos,4018
fkonstantinov,3593
fkonstantinov,2513
fkonstantinov,2158
fkonstantinov,4733
fkonstantinov,4591
izot_1991,2998
izot_1991,76
izot_1991,1761
izot_1991,369
izot_1991,4167
karl_10,2938
karl_10,3489
karl_10,4556
karl_10,152
karl_10,4867
brozhkov,4856
brozhkov,2503
brozhkov,2648
brozhkov,2180
brozhkov,333
gennadi72,892
gennadi72,4933
gennadi72,42
gennadi72,2332
gennadi72,760
loginovkirill,2376
loginovkirill,607
loginovkirill,3886
loginovkirill,3828
loginovkirill,2739
efrem_68,1822
efrem_68,3640
efrem_68,4034
efrem_68,2537
efrem_68,1088
emeljanovaivanna,2028
emeljanovaivanna,3227
emeljanovaivanna,2764
emeljanovaivanna,701
emeljanovaivanna,3415
ferapontknjazev,3605
ferapontknjazev,4297
ferapontknjazev,1061
ferapontknjazev,3602
ferapontknjazev,4424
dmitrisorokin,3257
dmitrisorokin,1361
dmitrisorokin,2215
dmitrisorokin,979
dmitrisorokin,1753
nesterovdobroslav,2302
nesterovdobroslav,4643
nesterovdobroslav,2918
nesterovdobroslav,1261
nesterovdobroslav,320
modestisakov,1701
modestisakov,4664
modestisakov,1719
modestisakov,2803
modestisakov,2370
shcherbakovadrian,1779
shcherbakovadrian,2032
shcherbakovadrian,4492
shcherbakovadrian,149
shcherbakovadrian,700
kazakovkasjan,1040
kazakovkasjan,2889
kazakovkasjan,1555
kazakovkasjan,4526
kazakovkasjan,4010
ljubim1992,3816
ljubim1992,1726
ljubim1992,996
ljubim1992,1014
ljubim1992,615
agafonlitkin,1233
agafonlitkin,332
agafonlitkin,11
agafonlitkin,2492
agafonlitkin,2633
lukija_2024,1575
lukija_2024,4488
lukija_2024,2225
lukija_2024,819
lukija_2024,817
natan_67,4981
natan_67,3734
natan_67,4812
natan_67,2594
natan_67,2670
trofim_1989,2995
trofim_1989,4674
trofim_1989,1519
trofim_1989,3938
trofim_1989,470
ylazarev,3497
ylazarev,2307
ylazarev,4685
ylazarev,1986
ylazarev,2305
dementigerasimov,746
dementigerasimov,98
dementigerasimov,3747
dementigerasimov,232
dementigerasimov,2727
trifon_2005,3249
trifon_2005,277
trifon_2005,382
trifon_2005,3743
trifon_2005,1166
vfedorova,3368
vfedorova,3912
vfedorova,4449
vfedorova,600
vfedorova,3985
zinaida1975,704
zinaida1975,1874
zinaida1975,3972
zinaida1975,2365
zinaida1975,2486
platon2014,981
platon2014,2081
platon2014,1893
platon2014,1410
platon2014,3483
uvarovdobromisl,3916
uvarovdobromisl,688
uvarovdobromisl,4469
uvarovdobromisl,838
uvarovdobromisl,443
kasjan04,715
kasjan04,4946
kasjan04,2106
kasjan04,3052
kasjan04,721
artemevsila,1458
artemevsila,2636
artemevsila,1767
artemevsila,4721
artemevsila,3625
olimpianisimov,2021
olimpianisimov,643
olimpianisimov,1187
olimpianisimov,3143
olimpianisimov,1937
silinisidor,150
silinisidor,3486
silinisidor,4197
silinisidor,1862
silinisidor,3980
gefimov,3271
gefimov,1541
gefimov,4419
gefimov,1763
gefimov,4597
gusevaagata,821
gusevaagata,2239
gusevaagata,422
gusevaagata,1295
gusevaagata,2977
fomichevladimir,2082
fomichevladimir,1540
fomichevladimir,3100
fomichevladimir,942
fomichevladimir,3723
emeljanovnaum,138
emeljanovnaum,709
emeljanovnaum,2268
emeljanovnaum,2341
emeljanovnaum,2483
ernestmoiseev,4336
ernestmoiseev,2205
ernestmoiseev,3307
ernestmoiseev,4037
ernestmoiseev,1582
olimpi_74,3619
olimpi_74,3871
olimpi_74,1810
olimpi_74,978
olimpi_74,4752
qegorova,164
qegorova,4008
qegorova,558
qegorova,2676
qegorova,288
panfil1999,1018
panfil1999,1385
panfil1999,2732
panfil1999,4235
panfil1999,3222
akim_1975,2414
akim_1975,4970
akim_1975,3621
akim_1975,4271
akim_1975,3978
zikovmina,2714
zikovmina,2321
zikovmina,3919
zikovmina,4181
zikovmina,159
kostinanike,4100
kostinanike,1514
kostinanike,1660
kostinanike,656
kostinanike,3090
subbotinoleg,1966
subbotinoleg,1970
subbotinoleg,2584
subbotinoleg,4179
subbotinoleg,1346
varlaam14,137
varlaam14,2746
varlaam14,4239
varlaam14,3471
varlaam14,4199
svetozar_1973,3441
svetozar_1973,208
svetozar_1973,937
svetozar_1973,1077
svetozar_1973,3403
shcherbakovdobromisl,4641
shcherbakovdobromisl,2391
shcherbakovdobromisl,1793
shcherbakovdobromisl,2177
shcherbakovdobromisl,1499
juli_73,871
juli_73,1226
juli_73,2781
juli_73,3288
juli_73,4863
elise_67,4182
elise_67,1565
elise_67,4411
elise_67,777
elise_67,1155
kkuzmina,1479
kkuzmina,3016
kkuzmina,1592
kkuzmina,4282
kkuzmina,1553
ignati36,1098
ignati36,4212
ignati36,3607
ignati36,783
ignati36,1123
nikandrkudrjashov,3576
nikandrkudrjashov,3436
nikandrkudrjashov,977
nikandrkudrjashov,1983
nikandrkudrjashov,1093
olimpi_80,1079
olimpi_80,1167
olimpi_80,1594
olimpi_80,1560
olimpi_80,2614
beljakovruben,182
beljakovruben,1549
beljakovruben,698
beljakovruben,1724
beljakovruben,4327
ggavrilov,2160
ggavrilov,2137
ggavrilov,2286
ggavrilov,795
ggavrilov,3616
merkushevaangelina,3634
merkushevaangelina,984
merkushevaangelina,763
merkushevaangelina,4185
merkushevaangelina,4727
braginavalentina,3532
braginavalentina,2284
braginavalentina,1011
braginavalentina,2529
braginavalentina,2909
emil2001,3461
emil2001,3280
emil2001,4550
emil2001,3414
emil2001,1628
psisoev,1813
psisoev,2006
psisoev,500
psisoev,2722
psisoev,432
jaroslavsidorov,3751
jaroslavsidorov,2270
jaroslavsidorov,2763
jaroslavsidorov,507
jaroslavsidorov,3270
boleslav86,4172
boleslav86,4388
boleslav86,3141
boleslav86,4905
boleslav86,1211
olimpi2011,1324
olimpi2011,1638
olimpi2011,2051
olimpi2011,2660
olimpi2011,549
harlampi1997,1830
harlampi1997,2353
harlampi1997,2525
harlampi1997,1812
harlampi1997,3744
beljaevkapiton,2691
beljaevkapiton,2198
beljaevkapiton,2497
beljaevkapiton,1886
beljaevkapiton,1016
vitali77,1413
vitali77,4143
vitali77,4325
vitali77,4272
vitali77,1834
afanasinekrasov,1278
afanasinekrasov,23
afanasinekrasov,1650
afanasinekrasov,522
afanasinekrasov,4563
emilmakarov,3676
emilmakarov,4318
emilmakarov,2208
emilmakarov,3730
emilmakarov,3291
samsonshashkov,3290
samsonshashkov,1222
samsonshashkov,2569
samsonshashkov,1950
samsonshashkov,730
lukazimin,2447
lukazimin,4500
lukazimin,2942
lukazimin,2836
lukazimin,2368
rjurikkulagin,3855
rjurikkulagin,2052
rjurikkulagin,4692
rjurikkulagin,3920
rjurikkulagin,836
nosovboris,2274
nosovboris,803
nosovboris,2867
nosovboris,2893
nosovboris,1252
averkikovalev,2429
averkikovalev,4231
averkikovalev,4097
averkikovalev,3814
averkikovalev,1584
gremislav1997,2128
gremislav1997,4525
gremislav1997,3160
gremislav1997,110
gremislav1997,2671
samolovsimon,3151
samolovsimon,2718
samolovsimon,931
samolovsimon,3193
samolovsimon,3055
lukija_54,3274
lukija_54,4723
lukija_54,478
lukija_54,214
lukija_54,2585
trofimovkornil,2542
trofimovkornil,4912
trofimovkornil,1027
trofimovkornil,234
trofimovkornil,3107
solomon72,4203
solomon72,675
solomon72,3242
solomon72,4827
solomon72,2520
radislav64,2507
radislav64,3644
radislav64,1918
radislav64,4826
radislav64,4161
jakovilin,1383
jakovilin,4043
jakovilin,1365
jakovilin,2897
jakovilin,1775
agafja_1999,1799
agafja_1999,2098
agafja_1999,4973
agafja_1999,4458
agafja_1999,1777
filaret_2009,467
filaret_2009,2088
filaret_2009,4058
filaret_2009,141
filaret_2009,3940
oktjabrina33,1579
oktjabrina33,3357
oktjabrina33,4756
oktjabrina33,1345
oktjabrina33,4279
veronika29,1757
veronika29,3967
veronika29,1497
veronika29,4357
veronika29,4878
lebedevalarisa,4012
lebedevalarisa,3969
lebedevalarisa,133
lebedevalarisa,1620
lebedevalarisa,4065
kononovaija,2593
kononovaija,1833
kononovaija,3191
kononovaija,2945
kononovaija,2516
fominaalla,3421
fominaalla,3882
fominaalla,3481
fominaalla,2751
fominaalla,1448
aleksandr_2005,2123
aleksandr_2005,4768
aleksandr_2005,1288
aleksandr_2005,4437
aleksandr_2005,1749
semenovdemid,4810
semenovdemid,2465
semenovdemid,725
semenovdemid,4487
semenovdemid,4925
faina_2018,2131
faina_2018,3077
faina_2018,776
faina_2018,3364
faina_2018,541
tgushchin,4818
tgushchin,2553
tgushchin,2297
tgushchin,1684
tgushchin,2571
iraida_04,591
iraida_04,2798
iraida_04,3914
iraida_04,2915
iraida_04,4015
avksenti_03,2518
avksenti_03,3261
avksenti_03,4860
avksenti_03,1267
avksenti_03,4133
svetozar1989,1896
svetozar1989,49
svetozar1989,1318
svetozar1989,2192
svetozar1989,1944
mihe1979,3565
mihe1979,729
mihe1979,441
mihe1979,3392
mihe1979,3675
spartakfrolov,4794
spartakfrolov,1870
spartakfrolov,2786
spartakfrolov,203
spartakfrolov,995
wmartinov,741
wmartinov,2927
wmartinov,2152
wmartinov,4848
wmartinov,3194
silantirodionov,4338
silantirodionov,2396
silantirodionov,2277
silantirodionov,1992
silantirodionov,1957
mmaksimova,3869
mmaksimova,175
mmaksimova,911
mmaksimova,1616
mmaksimova,4682
rubensamolov,4515
rubensamolov,249
rubensamolov,1737
rubensamolov,2900
rubensamolov,4520
vorontsovfrol,1619
vorontsovfrol,4305
vorontsovfrol,1972
vorontsovfrol,4879
vorontsovfrol,2709
gurevluka,3896
gurevluka,2099
gurevluka,1147
gurevluka,4915
gurevluka,1679
ermola_2003,4693
ermola_2003,3374
ermola_2003,672
ermola_2003,4096
ermola_2003,3212
rostislav1976,1827
rostislav1976,26
rostislav1976,1635
rostislav1976,1990
rostislav1976,124
zuevaljudmila,1026
zuevaljudmila,4054
zuevaljudmila,2017
zuevaljudmila,4787
zuevaljudmila,445
vorobevanike,4793
vorobevanike,4131
vorobevanike,266
vorobevanike,4598
vorobevanike,3390
milimakarov,1544
milimakarov,3416
milimakarov,653
milimakarov,1528
milimakarov,1096
iosif13,2979
iosif13,2576
iosif13,4254
iosif13,2953
iosif13,30
olimpi_50,2361
olimpi_50,201
olimpi_50,41
olimpi_50,4033
olimpi_50,1470
sofonzhdanov,3875
sofonzhdanov,3463
sofonzhdanov,3968
sofonzhdanov,956
sofonzhdanov,2579
matve_1994,1717
matve_1994,4444
matve_1994,3458
matve_1994,3362
matve_1994,2734
kuzmasidorov,3551
kuzmasidorov,122
kuzmasidorov,3769
kuzmasidorov,3880
kuzmasidorov,1997
trifonbobrov,3945
trifonbobrov,2346
trifonbobrov,143
trifonbobrov,3874
trifonbobrov,873
silvestr_69,284
silvestr_69,3653
silvestr_69,587
silvestr_69,3099
silvestr_69,484
zuevatamara,2304
zuevatamara,3858
zuevatamara,2217
zuevatamara,3590
zuevatamara,3611
anani_47,1551
anani_47,3425
anani_47,4022
anani_47,2777
anani_47,1568
sokolovalidija,733
sokolovalidija,463
sokolovalidija,3254
sokolovalidija,4913
sokolovalidija,3580
jpanfilova,965
jpanfilova,4661
jpanfilova,4678
jpanfilova,4849
jpanfilova,4164
karpovroman,4466
karpovroman,4730
karpovroman,2708
karpovroman,1883
karpovroman,4475
pnesterova,1909
pnesterova,3878
pnesterova,4910
pnesterova,1110
pnesterova,3281
fedotchernov,4405
fedotchernov,285
fedotchernov,1241
fedotchernov,4572
fedotchernov,1305
leonti1993,1926
leonti1993,3542
leonti1993,3470
leonti1993,4521
leonti1993,759
julija1992,113
julija1992,2415
julija1992,4456
julija1992,2771
julija1992,1446
golubevvsevolod,2182
golubevvsevolod,2926
golubevvsevolod,2512
golubevvsevolod,2698
golubevvsevolod,1939
semenovviktor,433
semenovviktor,1162
semenovviktor,848
semenovviktor,2657
semenovviktor,3407
elise_1988,2285
elise_1988,20
elise_1988,2678
elise_1988,756
elise_1988,4800
kir_60,1395
kir_60,4302
kir_60,1480
kir_60,561
kir_60,573
akimvladimirov,3442
akimvladimirov,604
akimvladimirov,3315
akimvladimirov,4104
akimvladimirov,1841
elise84,825
elise84,4780
elise84,497
elise84,82
elise84,4184
usubbotina,362
usubbotina,2888
usubbotina,1028
usubbotina,4396
usubbotina,3894
gorde24,552
gorde24,2320
gorde24,4745
gorde24,3995
gorde24,2264
miroslav_67,1915
miroslav_67,2974
miroslav_67,2258
miroslav_67,2397
miroslav_67,4886
porfirikazakov,4828
porfirikazakov,1414
porfirikazakov,4078
porfirikazakov,372
porfirikazakov,237
agafon_2021,1008
agafon_2021,3660
agafon_2021,2148
agafon_2021,1250
agafon_2021,2059
prokofi_1971,3039
prokofi_1971,827
prokofi_1971,3332
prokofi_1971,3426
prokofi_1971,2794
kalininaevfrosinija,3870
kalininaevfrosinija,3861
kalininaevfrosinija,791
kalininaevfrosinija,2930
kalininaevfrosinija,1271
konovalovapelageja,4893
konovalovapelageja,3599
konovalovapelageja,2102
konovalovapelageja,3105
konovalovapelageja,3293
cgolubev,4165
cgolubev,1139
cgolubev,4307
cgolubev,16
cgolubev,4428
isidor_2009,4766
isidor_2009,2337
isidor_2009,4407
isidor_2009,4877
isidor_2009,505
simon2016,4205
simon2016,1800
simon2016,641
simon2016,3485
simon2016,4126
mamontovkondrat,1356
mamontovkondrat,1598
mamontovkondrat,980
mamontovkondrat,3499
mamontovkondrat,1861
martjan_2010,3568
martjan_2010,1343
martjan_2010,3147
martjan_2010,3739
martjan_2010,3767
nikandr_35,971
nikandr_35,4228
nikandr_35,2711
nikandr_35,4154
nikandr_35,3749
ananibogdanov,1583
ananibogdanov,3165
ananibogdanov,431
ananibogdanov,2272
ananibogdanov,81
rjurik1984,3097
rjurik1984,3998
rjurik1984,1178
rjurik1984,1607
rjurik1984,3329
doroninilarion,2943
doroninilarion,4347
doroninilarion,3594
doroninilarion,1662
doroninilarion,4953
ogromov,4775
ogromov,46
ogromov,4801
ogromov,3004
ogromov,1642
fekla_51,1898
fekla_51,2916
fekla_51,253
fekla_51,2179
fekla_51,2612
antip_2011,2379
antip_2011,989
antip_2011,2188
antip_2011,4113
antip_2011,1260
eduardmuravev,48
eduardmuravev,1954
eduardmuravev,2619
eduardmuravev,2849
eduardmuravev,3601
agafon_2013,4813
agafon_2013,2701
agafon_2013,2707
agafon_2013,4314
agafon_2013,2825
sazonovsavvati,1032
sazonovsavvati,4111
sazonovsavvati,2976
sazonovsavvati,4426
sazonovsavvati,4491
larionovradovan,3240
larionovradovan,1904
larionovradovan,2000
larionovradovan,912
larionovradovan,1293
viktorin_81,3452
viktorin_81,4990
viktorin_81,757
viktorin_81,869
viktorin_81,850
akim_1992,3937
akim_1992,3102
akim_1992,1272
akim_1992,976
akim_1992,84
ippolitkotov,4680
ippolitkotov,3043
ippolitkotov,2425
ippolitkotov,716
ippolitkotov,3093
fadeevaraisa,908
fadeevaraisa,3180
fadeevaraisa,2446
fadeevaraisa,1571
fadeevaraisa,4703
terenti14,163
terenti14,3297
terenti14,4976
terenti14,4713
terenti14,3081
varfolome_1999,3219
varfolome_1999,4839
varfolome_1999,2154
varfolome_1999,135
varfolome_1999,1597
evdokija04,1661
evdokija04,3731
evdokija04,2907
evdokija04,696
evdokija04,1653
isaevevgeni,2156
isaevevgeni,4443
isaevevgeni,4950
isaevevgeni,1967
isaevevgeni,4116
bronislav39,1328
bronislav39,2609
bronislav39,3344
bronislav39,179
bronislav39,103
ipati2000,3909
ipati2000,3699
ipati2000,4962
ipati2000,4035
ipati2000,392
frolbespalov,2041
frolbespalov,1668
frolbespalov,1772
frolbespalov,4082
frolbespalov,355
polikarp1990,147
polikarp1990,4749
polikarp1990,242
polikarp1990,1392
polikarp1990,2748
timur_26,651
timur_26,4216
timur_26,481
timur_26,895
timur_26,4485
shashkovfoka,1368
shashkovfoka,225
shashkovfoka,3517
shashkovfoka,566
shashkovfoka,639
ananirjabov,1782
ananirjabov,3639
ananirjabov,2745
ananirjabov,580
ananirjabov,1199
nikon52,4740
nikon52,2416
nikon52,4267
nikon52,1137
nikon52,346
zkulikov,157
zkulikov,4658
zkulikov,2890
zkulikov,1094
zkulikov,954
evdokim1974,3951
evdokim1974,1355
evdokim1974,2937
evdokim1974,2254
evdokim1974,96
anisim_32,3185
anisim_32,112
anisim_32,1513
anisim_32,3652
anisim_32,3186
radovan_95,2114
radovan_95,3904
radovan_95,697
radovan_95,2548
radovan_95,720
parfen_50,3311
parfen_50,1694
parfen_50,2531
parfen_50,2111
parfen_50,2729
vitali2011,4067
vitali2011,294
vitali2011,185
vitali2011,1938
vitali2011,459
gusevosip,4019
gusevosip,130
gusevosip,187
gusevosip,2731
gusevosip,2842
dobroslavbeljaev,4986
dobroslavbeljaev,2448
dobroslavbeljaev,744
dobroslavbeljaev,1877
dobroslavbeljaev,3766
faina_36,3304
faina_36,4092
faina_36,2624
faina_36,3847
faina_36,1120
seliverst_65,960
seliverst_65,3330
seliverst_65,86
seliverst_65,1839
seliverst_65,3385
mefodi89,3268
mefodi89,1378
mefodi89,3552
mefodi89,2251
mefodi89,1631
komissarovmitofan,123
komissarovmitofan,4256
komissarovmitofan,2432
komissarovmitofan,3939
komissarovmitofan,2118
semen_2001,2621
semen_2001,4041
semen_2001,2625
semen_2001,4413
semen_2001,1663
petrovmilen,335
petrovmilen,3115
petrovmilen,4557
petrovmilen,4025
petrovmilen,4711
anna1972,2178
anna1972,4027
anna1972,3637
anna1972,3681
anna1972,4639
andre1984,740
andre1984,1869
andre1984,822
andre1984,3396
andre1984,4748
kuzma_2007,2530
kuzma_2007,3378
kuzma_2007,1654
kuzma_2007,1591
kuzma_2007,1493
arefipavlov,3028
arefipavlov,4969
arefipavlov,3038
arefipavlov,3589
arefipavlov,4259
zatsevalarisa,405
zatsevalarisa,4539
zatsevalarisa,1792
zatsevalarisa,3733
zatsevalarisa,2892
arseni_95,1191
arseni_95,3528
arseni_95,1161
arseni_95,4561
arseni_95,1809
tarasovbazhen,2482
tarasovbazhen,4652
tarasovbazhen,2534
tarasovbazhen,4603
tarasovbazhen,2427
hshcherbakov,1835
hshcherbakov,101
hshcherbakov,2958
hshcherbakov,0
hshcherbakov,1081
feliksbobrov,1557
feliksbobrov,3688
feliksbobrov,55
feliksbobrov,245
feliksbobrov,572
jfedoseev,3455
jfedoseev,1291
jfedoseev,4086
jfedoseev,2390
jfedoseev,3700
pestovzosima,2755
pestovzosima,3778
pestovzosima,339
pestovzosima,4949
pestovzosima,1860
nsilin,4984
nsilin,4757
nsilin,4118
nsilin,1614
nsilin,2129
seleznevavera,3741
seleznevavera,4370
seleznevavera,1047
seleznevavera,3693
seleznevavera,521
belousovvlas,2623
belousovvlas,1057
belousovvlas,3020
belousovvlas,860
belousovvlas,4882
ndoronin,1072
ndoronin,2703
ndoronin,194
ndoronin,2841
ndoronin,2146
hristoforkuznetsov,1941
hristoforkuznetsov,4177
hristoforkuznetsov,4873
hristoforkuznetsov,4955
hristoforkuznetsov,3217
evpraksija2010,2787
evpraksija2010,847
evpraksija2010,4659
evpraksija2010,4355
evpraksija2010,4209
nosovamos,3631
nosovamos,3232
nosovamos,3061
nosovamos,893
nosovamos,2024
belozerovakira,910
belozerovakira,4712
belozerovakira,2567
belozerovakira,3025
belozerovakira,3206
fortunat_1984,3314
fortunat_1984,384
fortunat_1984,1238
fortunat_1984,3075
fortunat_1984,3879
denisovasvetlana,669
denisovasvetlana,1770
denisovasvetlana,1853
denisovasvetlana,3082
denisovasvetlana,542
nikifor_1981,1558
nikifor_1981,4567
nikifor_1981,1727
nikifor_1981,1866
nikifor_1981,2854
jakov2021,4758
jakov2021,1290
jakov2021,2715
jakov2021,2043
jakov2021,988
epanfilov,2191
epanfilov,1786
epanfilov,2861
epanfilov,1566
epanfilov,770
kuzma1990,78
kuzma1990,2515
kuzma1990,1194
kuzma1990,2020
kuzma1990,4409
gorshkovstepan,1268
gorshkovstepan,2055
gorshkovstepan,2366
gorshkovstepan,270
gorshkovstepan,1483
zpanfilov,4947
zpanfilov,4929
zpanfilov,755
zpanfilov,1020
zpanfilov,1547
fedorovjanuari,3482
fedorovjanuari,3221
fedorovjanuari,414
fedorovjanuari,1533
fedorovjanuari,2248
zinaida_1984,3473
zinaida_1984,4890
zinaida_1984,3248
zinaida_1984,210
zinaida_1984,2838
samuil_2006,764
samuil_2006,2184
samuil_2006,1632
samuil_2006,295
samuil_2006,1536
igor_2006,1604
igor_2006,4153
igor_2006,1168
igor_2006,4575
igor_2006,3300
nikanor2017,189
nikanor2017,104
nikanor2017,2298
nikanor2017,1787
nikanor2017,2910
danila51,34
danila51,4697
danila51,398
danila51,3024
danila51,4696
egordeev,4580
egordeev,3484
egordeev,3692
egordeev,793
egordeev,2932
foma_1971,3158
foma_1971,3765
foma_1971,1041
foma_1971,4050
foma_1971,2367
panfilovdemid,3059
panfilovdemid,4442
panfilovdemid,3715
panfilovdemid,3516
panfilovdemid,1138
filippovserafim,247
filippovserafim,2033
filippovserafim,3434
filippovserafim,2450
filippovserafim,3401
averki_2008,2689
averki_2008,3017
averki_2008,2110
averki_2008,4362
averki_2008,4647
glazarev,1971
glazarev,833
glazarev,1447
glazarev,3617
glazarev,447
vitali1981,550
vitali1981,3164
vitali1981,4895
vitali1981,3876
vitali1981,2364
kostinevgraf,2322
kostinevgraf,865
kostinevgraf,1481
kostinevgraf,3789
kostinevgraf,3800
ribakovkasjan,4476
ribakovkasjan,2549
ribakovkasjan,1535
ribakovkasjan,3714
ribakovkasjan,2779
pavel28,4187
pavel28,3841
pavel28,4918
pavel28,823
pavel28,3073
seliverstovmitofan,1256
seliverstovmitofan,1699
seliverstovmitofan,3015
seliverstovmitofan,3867
seliverstovmitofan,2294
ntsvetkov,4941
ntsvetkov,1394
ntsvetkov,1058
ntsvetkov,1811
ntsvetkov,3308
ponomarevsidor,881
ponomarevsidor,1281
ponomarevsidor,4090
ponomarevsidor,1390
ponomarevsidor,2393
belousovpankrati,343
belousovpankrati,2352
belousovpankrati,4930
belousovpankrati,3007
belousovpankrati,4354
fekla2003,1622
fekla2003,3350
fekla2003,4156
fekla2003,1388
fekla2003,4207
solovevbazhen,1050
solovevbazhen,483
solovevbazhen,4108
solovevbazhen,1508
solovevbazhen,3069
zhanna_1988,2871
zhanna_1988,683
zhanna_1988,4497
zhanna_1988,2079
zhanna_1988,844
arkadi1984,1201
arkadi1984,9
arkadi1984,2345
arkadi1984,4914
arkadi1984,222
varvara_05,2661
varvara_05,2075
varvara_05,2101
varvara_05,2317
varvara_05,3317
dvolkova,1190
dvolkova,4695
dvolkova,3457
dvolkova,1554
dvolkova,1092
leliseeva,299
leliseeva,1334
leliseeva,4175
leliseeva,4132
leliseeva,2964
jaropolk25,4214
jaropolk25,2782
jaropolk25,1572
jaropolk25,272
jaropolk25,3707
romanovljubosmisl,4737
romanovljubosmisl,4333
romanovljubosmisl,3279
romanovljubosmisl,1847
romanovljubosmisl,1314
kolesnikovakira,899
kolesnikovakira,359
kolesnikovakira,4069
kolesnikovakira,1325
kolesnikovakira,1746
antonin_1984,4130
antonin_1984,2404
antonin_1984,2665
antonin_1984,4686
antonin_1984,3101
vlas_1993,1080
vlas_1993,3600
vlas_1993,4853
vlas_1993,790
vlas_1993,4434
mgavrilova,97
mgavrilova,4313
mgavrilova,3406
mgavrilova,4453
mgavrilova,3492
tamara_57,144
tamara_57,2207
tamara_57,3289
tamara_57,1490
tamara_57,3071
uljansitnikov,2386
uljansitnikov,4759
uljansitnikov,4587
uljansitnikov,1379
uljansitnikov,878
militsa1974,3139
militsa1974,1603
militsa1974,2407
militsa1974,585
militsa1974,1135
taras93,4776
taras93,1176
taras93,1713
taras93,1758
taras93,4720
nikandr_19,4063
nikandr_19,4651
nikandr_19,2477
nikandr_19,723
nikandr_19,4991
kuzma_13,3372
kuzma_13,2589
kuzma_13,3519
kuzma_13,951
kuzma_13,4300
vladislav_43,638
vladislav_43,4241
vladislav_43,2562
vladislav_43,4694
vladislav_43,1249
pestoverofe,4151
pestoverofe,1998
pestoverofe,4416
pestoverofe,3812
pestoverofe,932
svjatoslav69,816
svjatoslav69,4704
svjatoslav69,4789
svjatoslav69,1691
svjatoslav69,752
samsonovvalerjan,2583
samsonovvalerjan,1063
samsonovvalerjan,2815
samsonovvalerjan,3835
samsonovvalerjan,2176
kuprijansemenov,1600
kuprijansemenov,4052
kuprijansemenov,1202
kuprijansemenov,4253
kuprijansemenov,731
prokofi_06,4992
prokofi_06,3791
prokofi_06,3031
prokofi_06,3558
prokofi_06,917
avksenti_09,31
avksenti_09,1517
avksenti_09,4265
avksenti_09,2
avksenti_09,4985
tabramov,444
tabramov,3709
tabramov,2951
tabramov,461
tabramov,183
bazhen97,1083
bazhen97,4944
bazhen97,3843
bazhen97,3525
bazhen97,4998
visheslav1977,3205
visheslav1977,4785
visheslav1977,3557
visheslav1977,4865
visheslav1977,2464
ninel44,3674
ninel44,3973
ninel44,251
ninel44,3333
ninel44,4330
kallistrat1978,420
kallistrat1978,2961
kallistrat1978,3430
kallistrat1978,2588
kallistrat1978,2975
akim1977,1615
akim1977,498
akim1977,3504
akim1977,3775
akim1977,319
aandreev,4128
aandreev,788
aandreev,2141
aandreev,1339
aandreev,4510
shashkovaeleonora,4386
shashkovaeleonora,4931
shashkovaeleonora,1006
shashkovaeleonora,1352
shashkovaeleonora,2071
prokofitrofimov,3049
prokofitrofimov,3965
prokofitrofimov,2325
prokofitrofimov,1141
prokofitrofimov,3341
arseni1999,2293
arseni1999,3465
arseni1999,3283
arseni1999,1084
arseni1999,3196
shashkovaanzhelika,924
shashkovaanzhelika,205
shashkovaanzhelika,4871
shashkovaanzhelika,1051
shashkovaanzhelika,4728
leonti1975,4021
leonti1975,1236
leonti1975,3159
leonti1975,3298
leonti1975,1840
kmironova,1381
kmironova,1131
kmironova,3547
kmironova,3018
kmironova,4803
ivanovpolikarp,2378
ivanovpolikarp,2965
ivanovpolikarp,1164
ivanovpolikarp,3170
ivanovpolikarp,2358
budimir_1996,1443
budimir_1996,1646
budimir_1996,2265
budimir_1996,670
budimir_1996,2421
savvati2016,2487
savvati2016,4582
savvati2016,674
savvati2016,2737
savvati2016,2991
avtonom_2024,1715
avtonom_2024,3116
avtonom_2024,171
avtonom_2024,4009
avtonom_2024,2089
evgeniknjazev,828
evgeniknjazev,4622
evgeniknjazev,3418
evgeniknjazev,2843
evgeniknjazev,2788
cdavidova,3084
cdavidova,2870
cdavidova,4565
cdavidova,3515
cdavidova,2136
zaharovrjurik,314
zaharovrjurik,1384
zaharovrjurik,3582
zaharovrjurik,2072
zaharovrjurik,1814
bazhen51,4276
bazhen51,4553
bazhen51,4103
bazhen51,4668
bazhen51,2189
lavrenti_64,657
lavrenti_64,3827
lavrenti_64,3087
lavrenti_64,3066
lavrenti_64,248
gushchinsemen,4868
gushchinsemen,3295
gushchinsemen,1146
gushchinsemen,1747
gushchinsemen,40
nikitafokin,2194
nikitafokin,4351
nikitafokin,2912
nikitafokin,12
nikitafokin,2498
weliseev,243
weliseev,3379
weliseev,2227
weliseev,257
weliseev,2952
ladimirromanov,3263
ladimirromanov,2025
ladimirromanov,396
ladimirromanov,1689
ladimirromanov,1856
boris_1976,4634
boris_1976,3393
boris_1976,3728
boris_1976,4229
boris_1976,1244
shcherbakovgerasim,2335
shcherbakovgerasim,430
shcherbakovgerasim,4501
shcherbakovgerasim,2124
shcherbakovgerasim,1144
avdebobilev,4807
avdebobilev,3138
avdebobilev,4777
avdebobilev,3229
avdebobilev,3067
loginovmoise,4329
loginovmoise,1210
loginovmoise,1807
loginovmoise,1220
loginovmoise,1160
sitnikovmakar,3626
sitnikovmakar,114
sitnikovmakar,1308
sitnikovmakar,2987
sitnikovmakar,2981
agafonovaalina,3786
agafonovaalina,3628
agafonovaalina,2058
agafonovaalina,3713
agafonovaalina,4298
gbespalov,192
gbespalov,2418
gbespalov,424
gbespalov,2706
gbespalov,3447
ladislav_1987,4529
ladislav_1987,3076
ladislav_1987,2865
ladislav_1987,2458
ladislav_1987,2913
izot52,4060
izot52,4589
izot52,3246
izot52,488
izot52,217
arefi29,4558
arefi29,3947
arefi29,2752
arefi29,4301
arefi29,3559
ladislav_94,3704
ladislav_94,2295
ladislav_94,4380
ladislav_94,2363
ladislav_94,4995
bandreeva,2758
bandreeva,955
bandreeva,3110
bandreeva,2934
bandreeva,1867
apollonkiselev,345
apollonkiselev,271
apollonkiselev,4213
apollonkiselev,2336
apollonkiselev,2434
alina62,1270
alina62,476
alina62,4527
alina62,4791
alina62,4000
lblohina,2005
lblohina,4013
lblohina,4220
lblohina,2738
lblohina,3098
semen_1993,4296
semen_1993,3053
semen_1993,4901
semen_1993,4198
semen_1993,1254
zinovevamarfa,839
zinovevamarfa,3400
zinovevamarfa,2172
zinovevamarfa,3512
zinovevamarfa,2223
akulina_2020,734
akulina_2020,35
akulina_2020,4948
akulina_2020,3548
akulina_2020,1163
sofon38,2858
sofon38,4217
sofon38,1372
sofon38,1169
sofon38,2878
evseevalarisa,2960
evseevalarisa,920
evseevalarisa,613
evseevalarisa,3260
evseevalarisa,223
mermakova,1408
mermakova,2348
mermakova,699
mermakova,946
mermakova,1415
iosifevdokimov,534
iosifevdokimov,2287
iosifevdokimov,4508
iosifevdokimov,1595
iosifevdokimov,1085
vissarionsimonov,241
vissarionsimonov,2257
vissarionsimonov,2683
vissarionsimonov,2234
vissarionsimonov,73
mirzinovev,4233
mirzinovev,45
mirzinovev,1205
mirzinovev,2822
mirzinovev,2632
guljaevamarfa,934
guljaevamarfa,2652
guljaevamarfa,485
guljaevamarfa,2591
guljaevamarfa,3890
platon1986,2471
platon1986,857
platon1986,2956
platon1986,115
platon1986,3840
luchezarshchukin,579
luchezarshchukin,2784
luchezarshchukin,4654
luchezarshchukin,313
luchezarshchukin,3198
ziminaangelina,2946
ziminaangelina,2064
ziminaangelina,3581
ziminaangelina,3380
ziminaangelina,3006
ykovaleva,2222
ykovaleva,3360
ykovaleva,2546
ykovaleva,2163
ykovaleva,2592
rkotova,415
rkotova,1542
rkotova,3250
rkotova,4348
rkotova,3774
ija_1995,2360
ija_1995,200
ija_1995,92
ija_1995,4431
ija_1995,3560
ribakovmarian,1599
ribakovmarian,4430
ribakovmarian,412
ribakovmarian,4059
ribakovmarian,3887
eleonora_2023,1055
eleonora_2023,4068
eleonora_2023,4899
eleonora_2023,4900
eleonora_2023,2090
bikovporfiri,1282
bikovporfiri,1165
bikovporfiri,1284
bikovporfiri,885
bikovporfiri,3363
nikodimdorofeev,2919
nikodimdorofeev,3790
nikodimdorofeev,4898
nikodimdorofeev,1655
nikodimdorofeev,3119
mihe2005,2469
mihe2005,713
mihe2005,4147
mihe2005,178
mihe2005,4326
olimpi2017,598
olimpi2017,4637
olimpi2017,3096
olimpi2017,1995
olimpi2017,4951
merkushevmiroslav,3623
merkushevmiroslav,4937
merkushevmiroslav,2199
merkushevmiroslav,928
merkushevmiroslav,1670
gostomisl89,3276
gostomisl89,4066
gostomisl89,4755
gostomisl89,2880
gostomisl89,3108
miroslav1979,283
miroslav1979,926
miroslav1979,4285
miroslav1979,3091
miroslav1979,1669
popovorest,2413
popovorest,197
popovorest,3051
popovorest,2682
popovorest,1231
koshelevhristofor,2730
koshelevhristofor,4056
koshelevhristofor,1682
koshelevhristofor,1721
koshelevhristofor,633
haritonovandronik,4666
haritonovandronik,162
haritonovandronik,649
haritonovandronik,2319
haritonovandronik,4438
artemkalinin,2740
artemkalinin,244
artemkalinin,1371
artemkalinin,4073
artemkalinin,4569
frolovgerman,308
frolovgerman,1931
frolovgerman,3233
frolovgerman,718
frolovgerman,583
golubevavera,963
golubevavera,2256
golubevavera,610
golubevavera,654
golubevavera,2451
ovorontsova,3651
ovorontsova,3703
ovorontsova,2726
ovorontsova,1154
ovorontsova,4257
alekseevatamara,4290
alekseevatamara,1398
alekseevatamara,3500
alekseevatamara,2076
alekseevatamara,3044
gavrilovsvetozar,3468
gavrilovsvetozar,2568
gavrilovsvetozar,3984
gavrilovsvetozar,3325
gavrilovsvetozar,1846
ivanovapolina,2169
ivanovapolina,3614
ivanovapolina,3218
ivanovapolina,3893
ivanovapolina,134
titmerkushev,4764
titmerkushev,4545
titmerkushev,4145
titmerkushev,3148
titmerkushev,728
kuznetsovaemilija,2532
kuznetsovaemilija,1647
kuznetsovaemilija,3131
kuznetsovaemilija,4624
kuznetsovaemilija,2381
silaafanasev,2753
silaafanasev,1475
silaafanasev,3732
silaafanasev,665
silaafanasev,4091
vjacheslavlukin,3556
vjacheslavlukin,4200
vjacheslavlukin,4138
vjacheslavlukin,1337
vjacheslavlukin,4262
rjurik2017,3727
rjurik2017,4451
rjurik2017,570
rjurik2017,1968
rjurik2017,3337
miroslav1985,1776
miroslav1985,2511
miroslav1985,1693
miroslav1985,423
miroslav1985,4064
nonna1985,544
nonna1985,3226
nonna1985,2717
nonna1985,231
nonna1985,2333
ivanna2021,929
ivanna2021,4632
ivanna2021,575
ivanna2021,3328
ivanna2021,4701
naina1989,4218
naina1989,1963
naina1989,880
naina1989,120
naina1989,1502
nazarovsvetozar,1397
nazarovsvetozar,3126
nazarovsvetozar,3137
nazarovsvetozar,2034
nazarovsvetozar,2187
egorovaglafira,4211
egorovaglafira,753
egorovaglafira,2117
egorovaglafira,4742
egorovaglafira,1107
budimir_2023,3079
budimir_2023,1259
budimir_2023,2318
budimir_2023,1545
budimir_2023,3982
knikolaeva,3530
knikolaeva,403
knikolaeva,2454
knikolaeva,4076
knikolaeva,1725
orehovmilovan,4371
orehovmilovan,3402
orehovmilovan,2742
orehovmilovan,804
orehovmilovan,4864
florentin_97,1703
florentin_97,1062
florentin_97,845
florentin_97,2466
florentin_97,4392
feliks_72,3002
feliks_72,2883
feliks_72,2385
feliks_72,1692
feliks_72,2186
spiridon_2010,3408
spiridon_2010,2122
spiridon_2010,4831
spiridon_2010,2245
spiridon_2010,4820
trofim67,418
trofim67,1977
trofim67,3278
trofim67,106
trofim67,2470
ruslan_21,3579
ruslan_21,2575
ruslan_21,2686
ruslan_21,71
ruslan_21,747
frolovaoktjabrina,1590
frolovaoktjabrina,218
frolovaoktjabrina,1068
frolovaoktjabrina,4623
frolovaoktjabrina,1095
amos_1971,2280
amos_1971,4098
amos_1971,4
amos_1971,3620
amos_1971,2666
rubennekrasov,811
rubennekrasov,3383
rubennekrasov,3746
rubennekrasov,3825
rubennekrasov,3706
ilarion_62,557
ilarion_62,962
ilarion_62,180
ilarion_62,154
ilarion_62,289
egornikolaev,1438
egornikolaev,990
egornikolaev,3409
egornikolaev,3918
egornikolaev,1888
danilovparfen,2667
danilovparfen,2899
danilovparfen,2012
danilovparfen,3662
danilovparfen,2349
danilovjanuari,922
danilovjanuari,2048
danilovjanuari,841
danilovjanuari,364
danilovjanuari,4824
ivanna_73,1748
ivanna_73,1418
ivanna_73,2310
ivanna_73,923
ivanna_73,1124
bikovaalina,1710
bikovaalina,1736
bikovaalina,1975
bikovaalina,4646
bikovaalina,1335
terenti_71,4242
terenti_71,2383
terenti_71,2602
terenti_71,958
terenti_71,4436
georgi_2013,3010
georgi_2013,3013
georgi_2013,627
georgi_2013,4815
georgi_2013,2835
rturova,1112
rturova,4843
rturova,4887
rturova,287
rturova,4117
beljakovaivanna,2554
beljakovaivanna,4023
beljakovaivanna,3587
beljakovaivanna,4799
beljakovaivanna,1958
valentin02,2620
valentin02,2940
valentin02,195
valentin02,261
valentin02,4105
georgi_92,3454
georgi_92,527
georgi_92,3181
georgi_92,4246
georgi_92,2074
ereme_1979,2431
ereme_1979,3495
ereme_1979,22
ereme_1979,3680
ereme_1979,3771
rodiongurev,3724
rodiongurev,2016
rodiongurev,1417
rodiongurev,204
rodiongurev,4802
platon1984,3405
platon1984,4146
platon1984,2011
platon1984,3682
platon1984,2440
kostinalukija,1070
kostinalukija,2153
kostinalukija,4906
kostinalukija,2982
kostinalukija,1509
larisa_97,94
larisa_97,1979
larisa_97,371
larisa_97,3200
larisa_97,2312
galkinviktorin,3375
galkinviktorin,782
galkinviktorin,2210
galkinviktorin,1759
galkinviktorin,4134
evseevprokl,2606
evseevprokl,3389
evseevprokl,1450
evseevprokl,4805
evseevprokl,4821
bikovadarja,3872
bikovadarja,655
bikovadarja,4432
bikovadarja,3821
bikovadarja,3842
nazarovserge,4504
nazarovserge,3738
nazarovserge,446
nazarovserge,617
nazarovserge,1634
kuzminanani,1530
kuzminanani,3823
kuzminanani,852
kuzminanani,4448
kuzminanani,2757
evstigne31,4101
evstigne31,1953
evstigne31,3592
evstigne31,4640
evstigne31,4127
smirnovavalentina,1677
smirnovavalentina,3650
smirnovavalentina,4366
smirnovavalentina,3127
smirnovavalentina,353
bojankonovalov,4816
bojankonovalov,1340
bojankonovalov,3837
bojankonovalov,559
bojankonovalov,621
zstrelkova,1143
zstrelkova,4125
zstrelkova,2246
zstrelkova,2263
zstrelkova,1069
hkalashnikov,695
hkalashnikov,2816
hkalashnikov,2236
hkalashnikov,4210
hkalashnikov,3959
mihail_07,930
mihail_07,2463
mihail_07,2408
mihail_07,632
mihail_07,2834
lazarevjanuari,1626
lazarevjanuari,2344
lazarevjanuari,3166
lazarevjanuari,3011
lazarevjanuari,4599
averki95,1001
averki95,748
averki95,4611
averki95,2809
averki95,3824
rbragin,1676
rbragin,1216
rbragin,4120
rbragin,814
rbragin,1115
serafim_1997,3475
serafim_1997,2857
serafim_1997,3540
serafim_1997,1049
serafim_1997,2045
bobrovippolit,4987
bobrovippolit,2756
bobrovippolit,1731
bobrovippolit,4115
bobrovippolit,4003
jakushevilarion,504
jakushevilarion,404
jakushevilarion,1768
jakushevilarion,2615
jakushevilarion,3351
milovan_19,1246
milovan_19,2543
milovan_19,1209
milovan_19,4743
milovan_19,399
sigizmund_1993,1248
sigizmund_1993,4410
sigizmund_1993,1037
sigizmund_1993,166
sigizmund_1993,1854
gromovvalentin,2911
gromovvalentin,3935
gromovvalentin,4219
gromovvalentin,3986
gromovvalentin,4585
kozlovazhanna,3717
kozlovazhanna,4373
kozlovazhanna,2130
kozlovazhanna,3689
kozlovazhanna,267
averjan57,1516
averjan57,904
averjan57,383
averjan57,2496
averjan57,111
matve_48,997
matve_48,938
matve_48,4522
matve_48,3802
matve_48,2326
valerija_45,4420
valerija_45,3404
valerija_45,3553
valerija_45,2690
valerija_45,3113
orest2006,397
orest2006,2001
orest2006,307
orest2006,3586
orest2006,464
emeljanovelise,982
emeljanovelise,3245
emeljanovelise,536
emeljanovelise,3210
emeljanovelise,3811
milikozlov,378
milikozlov,3849
milikozlov,4911
milikozlov,4281
milikozlov,3719
selivan_1990,2267
selivan_1990,2599
selivan_1990,3671
selivan_1990,4528
selivan_1990,2142
nikonmishin,4778
nikonmishin,4374
nikonmishin,1818
nikonmishin,1416
nikonmishin,4075
amosorlov,941
amosorlov,2303
amosorlov,2993
amosorlov,1828
amosorlov,4461
evgeni_1979,2241
evgeni_1979,582
evgeni_1979,2853
evgeni_1979,2343
evgeni_1979,4924
koshelevmartjan,1969
koshelevmartjan,471
koshelevmartjan,3696
koshelevmartjan,2544
koshelevmartjan,509
anisimkulagin,265
anisimkulagin,350
anisimkulagin,4903
anisimkulagin,2806
anisimkulagin,689
maja_2023,1203
maja_2023,148
maja_2023,3963
maja_2023,1179
maja_2023,4299
svjatopolk_70,357
svjatopolk_70,855
svjatopolk_70,496
svjatopolk_70,2417
svjatopolk_70,2819
longin_2022,2259
longin_2022,3019
longin_2022,439
longin_2022,2556
longin_2022,1185
nestorefimov,3238
nestorefimov,1363
nestorefimov,801
nestorefimov,1066
nestorefimov,342
velimir_27,2536
velimir_27,4109
velimir_27,2768
velimir_27,3597
velimir_27,4251
skomarova,898
skomarova,1283
skomarova,344
skomarova,525
skomarova,1033
maksimiljansolovev,24
maksimiljansolovev,1611
maksimiljansolovev,949
maksimiljansolovev,3262
maksimiljansolovev,2443
kondrat02,2653
kondrat02,2785
kondrat02,4835
kondrat02,1344
kondrat02,3826
aksenovprokl,291
aksenovprokl,2747
aksenovprokl,4601
aksenovprokl,3445
aksenovprokl,2080
polina1974,712
polina1974,4784
polina1974,1030
polina1974,2200
polina1974,1526
smirnovazoja,2973
smirnovazoja,2068
smirnovazoja,1227
smirnovazoja,1504
smirnovazoja,437
wsamolova,3992
wsamolova,2288
wsamolova,60
wsamolova,2140
wsamolova,4892
danilovandre,263
danilovandre,2505
danilovandre,546
danilovandre,2540
danilovandre,650
veronika65,264
veronika65,2151
veronika65,410
veronika65,4352
veronika65,4498
dmitrievpankrati,3273
dmitrievpankrati,3721
dmitrievpankrati,1067
dmitrievpankrati,4836
dmitrievpankrati,4980
kondrat86,2759
kondrat86,2306
kondrat86,3820
kondrat86,690
kondrat86,947
kuzma1985,609
kuzma1985,4613
kuzma1985,2301
kuzma1985,3310
kuzma1985,1683
vseslav_53,761
vseslav_53,3209
vseslav_53,3859
vseslav_53,352
vseslav_53,1374
kazimirgordeev,2170
kazimirgordeev,2127
kazimirgordeev,842
kazimirgordeev,2406
kazimirgordeev,1698
lavrentevmarian,681
lavrentevmarian,2359
lavrentevmarian,4916
lavrentevmarian,1791
lavrentevmarian,2931
efim2002,2811
efim2002,3606
efim2002,44
efim2002,127
efim2002,1224
stanimir44,2327
stanimir44,1002
stanimir44,1034
stanimir44,2008
stanimir44,2605
foti_07,1471
foti_07,2167
foti_07,4269
foti_07,1503
foti_07,4660
aleksandrovdavid,4484
aleksandrovdavid,2978
aleksandrovdavid,2607
aleksandrovdavid,2687
aleksandrovdavid,1808
evdokimovaantonina,2181
evdokimovaantonina,1078
evdokimovaantonina,4343
evdokimovaantonina,246
evdokimovaantonina,3477
avtonom13,1399
avtonom13,394
avtonom13,2929
avtonom13,1515
avtonom13,1641
nikola15,1338
nikola15,4390
nikola15,808
nikola15,4961
nikola15,1487
ymatveeva,1738
ymatveeva,4928
ymatveeva,4788
ymatveeva,2559
ymatveeva,336
ponomarevjanuari,2468
ponomarevjanuari,2986
ponomarevjanuari,2877
ponomarevjanuari,1031
ponomarevjanuari,2077
kkuzmin,4240
kkuzmin,4378
kkuzmin,1981
kkuzmin,539
kkuzmin,2401
fedotovafekla,1116
fedotovafekla,975
fedotovafekla,1784
fedotovafekla,293
fedotovafekla,707
seliverst_86,2485
seliverst_86,2204
seliverst_86,950
seliverst_86,1955
seliverst_86,3971
uljana77,4997
uljana77,119
uljana77,2115
uljana77,1521
uljana77,67
kir2024,775
kir2024,4736
kir2024,2677
kir2024,1348
kir2024,2948
mihekuznetsov,2060
mihekuznetsov,3215
mihekuznetsov,1754
mihekuznetsov,89
mihekuznetsov,4085
ziminljubim,475
ziminljubim,4196
ziminljubim,4927
ziminljubim,375
ziminljubim,3970
mechislavandreev,4275
mechislavandreev,2087
mechislavandreev,3647
mechislavandreev,2712
mechislavandreev,3032
aleksandrovavera,1645
aleksandrovavera,492
aleksandrovavera,1377
aleksandrovavera,3367
aleksandrovavera,3949
hariton49,3135
hariton49,564
hariton49,2587
hariton49,1214
hariton49,3130
artem_34,3046
artem_34,2070
artem_34,1184
artem_34,754
artem_34,1751
skornilova,2723
skornilova,4144
skornilova,1294
skornilova,2793
skornilova,1797
leonti93,4581
leonti93,4769
leonti93,4215
leonti93,1476
leonti93,4690
nikodimkondratev,4507
nikodimkondratev,473
nikodimkondratev,605
nikodimkondratev,794
nikodimkondratev,3490
sokolovsokrat,1449
sokolovsokrat,99
sokolovsokrat,2949
sokolovsokrat,2311
sokolovsokrat,3845
seliverstovaolimpiada,4823
seliverstovaolimpiada,1108
seliverstovaolimpiada,4834
seliverstovaolimpiada,4689
seliverstovaolimpiada,4258
german_02,2392
german_02,886
german_02,3591
german_02,3534
german_02,1247
tarasovosip,555
tarasovosip,1426
tarasovosip,2031
tarasovosip,2617
tarasovosip,3819
viktorinshcherbakov,21
viktorinshcherbakov,1562
viktorinshcherbakov,3690
viktorinshcherbakov,1705
viktorinshcherbakov,1964
elebedev,2869
elebedev,3296
elebedev,1433
elebedev,3883
elebedev,1323
sergeevipat,3910
sergeevipat,2664
sergeevipat,3207
sergeevipat,4334
sergeevipat,3373
danilovnifont,4321
danilovnifont,334
danilovnifont,1850
danilovnifont,4149
danilovnifont,1495
golubevipati,2057
golubevipati,3521
golubevipati,4571
golubevipati,2190
golubevipati,3203
lobanovustin,1243
lobanovustin,4292
lobanovustin,3506
lobanovustin,666
lobanovustin,2372
izmailsokolov,374
izmailsokolov,1539
izmailsokolov,2830
izmailsokolov,3664
izmailsokolov,1593
bogdanovgerman,1552
bogdanovgerman,2173
bogdanovgerman,2693
bogdanovgerman,1496
bogdanovgerman,529
orest_04,2066
orest_04,1431
orest_04,1823
orest_04,3829
orest_04,2015
xfilippova,2923
xfilippova,458
xfilippova,3846
xfilippova,4364
xfilippova,762
evstignebobilev,4866
evstignebobilev,708
evstignebobilev,4433
evstignebobilev,1111
evstignebobilev,830
terenti_1995,3451
terenti_1995,3518
terenti_1995,4011
terenti_1995,4904
terenti_1995,1733
zstrelkov,4306
zstrelkov,2802
zstrelkov,1349
zstrelkov,1386
zstrelkov,506
frolovandron,2275
frolovandron,4244
frolovandron,4310
frolovandron,789
frolovandron,4349
zaharovamarfa,1266
zaharovamarfa,4963
zaharovamarfa,3585
zaharovamarfa,3642
zaharovamarfa,3708
kapiton2001,3394
kapiton2001,919
kapiton2001,1393
kapiton2001,3641
kapiton2001,2558
kondrati1979,1744
kondrati1979,2018
kondrati1979,4303
kondrati1979,455
kondrati1979,1578
ilarion_2015,3615
ilarion_2015,226
ilarion_2015,4774
ilarion_2015,2920
ilarion_2015,1494
vjacheslav2011,2395
vjacheslav2011,968
vjacheslav2011,1520
vjacheslav2011,2750
vjacheslav2011,3267
samsonvladimirov,1462
samsonvladimirov,3037
samsonvladimirov,3797
samsonvladimirov,221
samsonvladimirov,1089
gorbachevaalina,3613
gorbachevaalina,2634
gorbachevaalina,256
gorbachevaalina,1826
gorbachevaalina,1780
mkonstantinova,4964
mkonstantinova,3658
mkonstantinova,1750
mkonstantinova,1996
mkonstantinova,2832
sokolovmarian,4005
sokolovmarian,935
sokolovmarian,52
sokolovmarian,1905
sokolovmarian,4502
boris52,1564
boris52,4400
boris52,363
boris52,4825
boris52,2908
uvarovmihail,806
uvarovmihail,2856
uvarovmihail,3306
uvarovmihail,2373
uvarovmihail,914
loginovanisim,4247
loginovanisim,2103
loginovanisim,1563
loginovanisim,513
loginovanisim,2354
lebedevzahar,2049
lebedevzahar,890
lebedevzahar,169
lebedevzahar,3133
lebedevzahar,1716
evsebeljakov,411
evsebeljakov,745
evsebeljakov,2029
evsebeljakov,4939
evsebeljakov,1019
evseevsokrat,2502
evseevsokrat,1370
evseevsokrat,3509
evseevsokrat,843
evseevsokrat,3413
zhanna2016,856
zhanna2016,2774
zhanna2016,1412
zhanna2016,250
zhanna2016,2713
andronik_91,1103
andronik_91,3163
andronik_91,2403
andronik_91,3638
andronik_91,2424
maslovjan,3384
maslovjan,548
maslovjan,4548
maslovjan,472
maslovjan,4650
ponomarevlazar,1319
ponomarevlazar,3666
ponomarevlazar,3503
ponomarevlazar,3029
ponomarevlazar,4427
julian_1971,3507
julian_1971,599
julian_1971,3347
julian_1971,1630
julian_1971,658
glafira1989,4926
glafira1989,4698
glafira1989,1286
glafira1989,4959
glafira1989,3502
zosima_1974,3089
zosima_1974,874
zosima_1974,3056
zosima_1974,4509
zosima_1974,3736
larionovaljudmila,2084
larionovaljudmila,3830
larionovaljudmila,1618
larionovaljudmila,4809
larionovaljudmila,3544
valerjanshchukin,3023
valerjanshchukin,2710
valerjanshchukin,2860
valerjanshchukin,1643
valerjanshchukin,3450
georgi63,2308
georgi63,3327
georgi63,63
georgi63,2894
georgi63,2992
juri_1981,1424
juri_1981,1258
juri_1981,4317
juri_1981,4786
juri_1981,565
varvara1995,468
varvara1995,1601
varvara1995,905
varvara1995,2760
varvara1995,1696
oevseev,3111
oevseev,1895
oevseev,1455
oevseev,3464
oevseev,3123
semenovaristarh,442
semenovaristarh,1836
semenovaristarh,4482
semenovaristarh,1687
semenovaristarh,517
artemevprov,50
artemevprov,1714
artemevprov,2733
artemevprov,3891
artemevprov,125
filatovvladimir,2145
filatovvladimir,2847
filatovvladimir,3989
filatovvladimir,328
filatovvladimir,568
mjasnikovfedosi,2637
mjasnikovfedosi,3604
mjasnikovfedosi,4940
mjasnikovfedosi,1303
mjasnikovfedosi,3524
zinovi30,3784
zinovi30,3907
zinovi30,4544
zinovi30,2334
zinovi30,4578
foka21,3244
foka21,4238
foka21,3768
foka21,4850
foka21,167
mironovprokl,4398
mironovprokl,3106
mironovprokl,4829
mironovprokl,3376
mironovprokl,2019
aristarh_07,1771
aristarh_07,4293
aristarh_07,1872
aristarh_07,1434
aristarh_07,193
komissarovavalentina,4858
komissarovavalentina,1097
komissarovavalentina,3686
komissarovavalentina,3535
komissarovavalentina,4496
ippolitsuhanov,4234
ippolitsuhanov,3496
ippolitsuhanov,2488
ippolitsuhanov,4519
ippolitsuhanov,304
nikitinljubim,569
nikitinljubim,1608
nikitinljubim,2316
nikitinljubim,3745
nikitinljubim,2848
veronika_13,3537
veronika_13,3942
veronika_13,1059
veronika_13,3633
veronika_13,3646
kuzma2003,3282
kuzma2003,1548
kuzma2003,4750
kuzma2003,2552
kuzma2003,3720
gostomisl_04,3094
gostomisl_04,4705
gostomisl_04,916
gostomisl_04,887
gostomisl_04,3813
ustinloginov,3030
ustinloginov,2905
ustinloginov,4494
ustinloginov,3929
ustinloginov,4479
vnosova,1523
vnosova,540
vnosova,727
vnosova,128
vnosova,3460
martinsavin,1935
martinsavin,4972
martinsavin,3122
martinsavin,1524
martinsavin,1436
qlobanova,3302
qlobanova,1671
qlobanova,2778
qlobanova,2695
qlobanova,2097
noskovspartak,3564
noskovspartak,4473
noskovspartak,1978
noskovspartak,2206
noskovspartak,3272
rjabovljubomir,2171
rjabovljubomir,3285
rjabovljubomir,1621
rjabovljubomir,2765
rjabovljubomir,1193
petrovemmanuil,3356
petrovemmanuil,4440
petrovemmanuil,3027
petrovemmanuil,3277
petrovemmanuil,1534
spotapov,779
spotapov,514
spotapov,992
spotapov,25
spotapov,1697
naum43,1276
naum43,2881
naum43,3190
naum43,3866
naum43,1936
avde1990,57
avde1990,1445
avde1990,452
avde1990,2603
avde1990,1806
sgorbunova,807
sgorbunova,53
sgorbunova,4230
sgorbunova,4618
sgorbunova,3505
denisovmihe,882
denisovmihe,1175
denisovmihe,2941
denisovmihe,2085
denisovmihe,2384
klavdija2013,2824
klavdija2013,2696
klavdija2013,3034
klavdija2013,70
klavdija2013,2663
afanasevaveronika,83
afanasevaveronika,3348
afanasevaveronika,1644
afanasevaveronika,3370
afanasevaveronika,4137
fedot2003,2780
fedot2003,2968
fedot2003,4532
fedot2003,4284
fedot2003,3854
zahar_1996,1892
zahar_1996,421
zahar_1996,400
zahar_1996,1457
zahar_1996,3701
vladilen_1970,2355
vladilen_1970,2405
vladilen_1970,4954
vladilen_1970,900
vladilen_1970,4957
nikandr66,2351
nikandr66,3064
nikandr66,957
nikandr66,4457
nikandr66,3698
taisija09,4178
taisija09,3899
taisija09,676
taisija09,2438
taisija09,4669
dmitrisemenov,3382
dmitrisemenov,1195
dmitrisemenov,2112
dmitrisemenov,4663
dmitrisemenov,2600
juvenalijudin,3386
juvenalijudin,2994
juvenalijudin,1752
juvenalijudin,19
juvenalijudin,3545
antonovvaleri,315
antonovvaleri,1367
antonovvaleri,176
antonovvaleri,1492
antonovvaleri,1454
ladimir83,3358
ladimir83,3933
ladimir83,3239
ladimir83,4512
ladimir83,1587
valentina43,4672
valentina43,3230
valentina43,3124
valentina43,3132
valentina43,1842
leon25,4907
leon25,4385
leon25,1382
leon25,1962
leon25,1930
zahar1972,1073
zahar1972,1885
zahar1972,1277
zahar1972,1527
zahar1972,1074
demid_98,4588
demid_98,3309
demid_98,4180
demid_98,2983
demid_98,238
agata_2014,4295
agata_2014,515
agata_2014,3318
agata_2014,2725
agata_2014,1488
eleonora1989,831
eleonora1989,3683
eleonora1989,211
eleonora1989,361
eleonora1989,1375
fevronija_1973,3561
fevronija_1973,773
fevronija_1973,1478
fevronija_1973,1145
fevronija_1973,269
makar2003,2063
makar2003,4648
makar2003,3799
makar2003,2092
makar2003,959
danilovairina,413
danilovairina,1129
danilovairina,1728
danilovairina,2967
danilovairina,581
svetlana89,1140
svetlana89,2035
svetlana89,3583
svetlana89,1573
svetlana89,160
guljaevereme,943
guljaevereme,1531
guljaevereme,3145
guljaevereme,3345
guljaevereme,207
naumovaevgenija,3498
naumovaevgenija,2061
naumovaevgenija,3063
naumovaevgenija,1351
naumovaevgenija,1485
afanasi_49,4870
afanasi_49,3074
afanasi_49,4811
afanasi_49,2770
afanasi_49,4204
vnovikov,4099
vnovikov,4688
vnovikov,3150
vnovikov,2962
vnovikov,668
ija_2002,1932
ija_2002,85
ija_2002,4261
ija_2002,3493
ija_2002,65
evdokimovratibor,1781
evdokimovratibor,3365
evdokimovratibor,4499
evdokimovratibor,2350
evdokimovratibor,3905
seliverstovamargarita,1242
seliverstovamargarita,2891
seliverstovamargarita,4744
seliverstovamargarita,4988
seliverstovamargarita,4160
sevastjan_1970,132
sevastjan_1970,626
sevastjan_1970,2762
sevastjan_1970,533
sevastjan_1970,588
savvadrozdov,1228
savvadrozdov,2328
savvadrozdov,4968
savvadrozdov,4079
savvadrozdov,3618
timur32,2269
timur32,685
timur32,2608
timur32,191
timur32,3678
vasilevborislav,2377
vasilevborislav,3467
vasilevborislav,4676
vasilevborislav,3220
vasilevborislav,2590
kovalevserafim,2721
kovalevserafim,4671
kovalevserafim,1636
kovalevserafim,351
kovalevserafim,2884
aristarh18,2827
aristarh18,2828
aristarh18,832
aristarh18,1023
aristarh18,2253
arhip_2012,4455
arhip_2012,1789
arhip_2012,1029
arhip_2012,4859
arhip_2012,1960
ribakovfedor,3895
ribakovfedor,1916
ribakovfedor,1130
ribakovfedor,2461
ribakovfedor,2596
abramovklavdi,4593
abramovklavdi,3292
abramovklavdi,173
abramovklavdi,3574
abramovklavdi,4368
ztarasov,4283
ztarasov,2037
ztarasov,3643
ztarasov,1871
ztarasov,268
visheslav_61,4653
visheslav_61,4106
visheslav_61,4171
visheslav_61,1625
visheslav_61,4699
anatoli26,562
anatoli26,1680
anatoli26,2174
anatoli26,1159
anatoli26,4141
gavriladjachkov,1358
gavriladjachkov,3224
gavriladjachkov,4237
gavriladjachkov,3808
gavriladjachkov,3466
guljaevaagata,2957
guljaevaagata,824
guljaevaagata,3312
guljaevaagata,401
guljaevaagata,3987
gromovrjurik,1302
gromovrjurik,3424
gromovrjurik,820
gromovrjurik,3469
gromovrjurik,2673
apollinari_1979,3975
apollinari_1979,72
apollinari_1979,4681
apollinari_1979,3908
apollinari_1979,303
evgeni2005,4607
evgeni2005,2138
evgeni2005,2157
evgeni2005,4312
evgeni2005,373
ermola76,4162
ermola76,2846
ermola76,3253
ermola76,805
ermola76,1306
eliseevaljudmila,3243
eliseevaljudmila,1798
eliseevaljudmila,2595
eliseevaljudmila,4602
eliseevaljudmila,2252
knjazevsavvati,1275
knjazevsavvati,3737
knjazevsavvati,3136
knjazevsavvati,3144
knjazevsavvati,726
sokolovfrol,3320
sokolovfrol,2478
sokolovfrol,3635
sokolovfrol,1289
sokolovfrol,2467
vladlen_1991,68
vladlen_1991,1427
vladlen_1991,2053
vladlen_1991,2639
vladlen_1991,3657
galaktion1999,3237
galaktion1999,4042
galaktion1999,1240
galaktion1999,1712
galaktion1999,77
boleslavshcherbakov,2601
boleslavshcherbakov,1229
boleslavshcherbakov,537
boleslavshcherbakov,3930
boleslavshcherbakov,79
flobanova,2563
flobanova,4273
flobanova,4982
flobanova,1640
flobanova,3005
zkarpova,3902
zkarpova,3088
zkarpova,310
zkarpova,1756
zkarpova,2292
anzhelika_1973,3001
anzhelika_1973,1010
anzhelika_1973,3804
anzhelika_1973,576
anzhelika_1973,1922
vatslavbobrov,2132
vatslavbobrov,2597
vatslavbobrov,2411
vatslavbobrov,991
vatslavbobrov,1035
popovvjacheslav,4480
popovvjacheslav,710
popovvjacheslav,702
popovvjacheslav,4797
popovvjacheslav,1574
ilariondrozdov,1889
ilariondrozdov,4513
ilariondrozdov,1439
ilariondrozdov,4397
ilariondrozdov,219
gavrila2016,4142
gavrila2016,1708
gavrila2016,161
gavrila2016,4851
gavrila2016,321
anani_05,3112
anani_05,1907
anani_05,4625
anani_05,1925
anani_05,4465
fedoseevvadim,3864
fedoseevvadim,4394
fedoseevvadim,4675
fedoseevvadim,1045
fedoseevvadim,4169
ljubim08,2212
ljubim08,985
ljubim08,4414
ljubim08,4830
ljubim08,252
stanislavsafonov,51
stanislavsafonov,593
stanislavsafonov,4029
stanislavsafonov,2791
stanislavsafonov,2266
parfen_40,3913
parfen_40,2959
parfen_40,1180
parfen_40,2144
parfen_40,4983
evlampi29,340
evlampi29,4842
evlampi29,2821
evlampi29,2271
evlampi29,4616
vladimir66,2560
vladimir66,3474
vladimir66,3213
vladimir66,815
vladimir66,2928
emil95,4537
emil95,4376
emil95,1330
emil95,3324
emil95,2508
dementi_55,4819
dementi_55,4874
dementi_55,3060
dementi_55,2382
dementi_55,240
samsonovaristarh,2108
samsonovaristarh,3952
samsonovaristarh,2094
samsonovaristarh,3571
samsonovaristarh,4761
makar78,2038
makar78,1170
makar78,611
makar78,1879
makar78,1158
luchezar89,1105
luchezar89,1046
luchezar89,117
luchezar89,3377
luchezar89,2702
arhip1974,4195
arhip1974,460
arhip1974,518
arhip1974,2627
arhip1974,3259
suhanovgalaktion,4381
suhanovgalaktion,2658
suhanovgalaktion,3974
suhanovgalaktion,2362
suhanovgalaktion,1453
jakovlevgennadi,4978
jakovlevgennadi,4633
jakovlevgennadi,2457
jakovlevgennadi,2773
jakovlevgennadi,4517
nkolesnikov,118
nkolesnikov,2736
nkolesnikov,3665
nkolesnikov,3510
nkolesnikov,3177
leonidnekrasov,4559
leonidnekrasov,2626
leonidnekrasov,2647
leonidnekrasov,3305
leonidnekrasov,1171
sharapovkasjan,879
sharapovkasjan,2255
sharapovkasjan,4163
sharapovkasjan,3427
sharapovkasjan,3851
dementi74,3494
dementi74,4934
dementi74,4119
dementi74,4006
dementi74,3301
ffedotova,1570
ffedotova,153
ffedotova,2044
ffedotova,1507
ffedotova,2315
shirjaevaviktorija,719
shirjaevaviktorija,59
shirjaevaviktorija,4139
shirjaevaviktorija,3256
shirjaevaviktorija,635
birjukovizjaslav,2522
birjukovizjaslav,3595
birjukovizjaslav,3178
birjukovizjaslav,2823
birjukovizjaslav,2445
karp1982,2720
karp1982,2342
karp1982,1832
karp1982,1122
karp1982,4762
polikarp_76,3346
polikarp_76,3068
polikarp_76,2193
polikarp_76,2565
polikarp_76,4382
snikonov,2013
snikonov,625
snikonov,2574
snikonov,4885
snikonov,74
afanasi_06,4606
afanasi_06,553
afanasi_06,3423
afanasi_06,1430
afanasi_06,909
kondratevgrigori,4486
kondratevgrigori,4263
kondratevgrigori,1362
kondratevgrigori,4894
kondratevgrigori,1816
tit91,2339
tit91,1855
tit91,326
tit91,1947
tit91,4677
kondrati_47,4081
kondrati_47,3705
kondrati_47,156
kondrati_47,4996
kondrati_47,4026
boris17,594
boris17,3228
boris17,953
boris17,4155
boris17,1919
firssharov,662
firssharov,4191
firssharov,2839
firssharov,3917
firssharov,1803
anzhela85,4691
anzhela85,1989
anzhela85,2125
anzhela85,4083
anzhela85,8
pvlasova,140
pvlasova,2119
pvlasova,3687
pvlasova,4014
pvlasova,4260
odintsovazhanna,69
odintsovazhanna,3354
odintsovazhanna,499
odintsovazhanna,2495
odintsovazhanna,2004
svetozar_07,282
svetozar_07,3783
svetozar_07,38
svetozar_07,4350
svetozar_07,2162
clazarev,2980
clazarev,4551
clazarev,945
clazarev,1920
clazarev,64
selivan_1992,1359
selivan_1992,2290
selivan_1992,3807
selivan_1992,2459
selivan_1992,1310
abramovevse,563
abramovevse,2644
abramovevse,2155
abramovevse,2844
abramovevse,574
artemevjaroslav,2224
artemevjaroslav,3008
artemevjaroslav,3456
artemevjaroslav,4908
artemevjaroslav,769
orogov,4760
orogov,107
orogov,2969
orogov,3299
orogov,236
hohlovanani,4626
hohlovanani,4922
hohlovanani,2631
hohlovanani,4846
hohlovanani,1649
sidortitov,4741
sidortitov,3809
sidortitov,302
sidortitov,4375
sidortitov,4923
vikenti_1975,356
vikenti_1975,936
vikenti_1975,4683
vikenti_1975,4956
vikenti_1975,1881
miron1972,3566
miron1972,62
miron1972,3649
miron1972,2083
miron1972,1174
alina1977,1087
alina1977,1984
alina1977,3168
alina1977,3570
alina1977,453
juvenali16,1113
juvenali16,1946
juvenali16,3173
juvenali16,1411
juvenali16,168
ermakovsaveli,800
ermakovsaveli,1674
ermakovsaveli,3629
ermakovsaveli,2422
ermakovsaveli,323
ershovaksenija,3803
ershovaksenija,4452
ershovaksenija,3355
ershovaksenija,3275
ershovaksenija,254
juliankondratev,260
juliankondratev,3793
juliankondratev,1588
juliankondratev,1419
juliankondratev,2547
kira2018,1648
kira2018,1897
kira2018,4122
kira2018,1609
kira2018,2970
askoldpetrov,915
askoldpetrov,454
askoldpetrov,1762
askoldpetrov,3758
askoldpetrov,2716
gorbunovaanzhela,1269
gorbunovaanzhela,1017
gorbunovaanzhela,2868
gorbunovaanzhela,2380
gorbunovaanzhela,3397
visheslav21,624
visheslav21,3527
visheslav21,1369
visheslav21,501
visheslav21,3336
arefi_83,3054
arefi_83,2165
arefi_83,2481
arefi_83,2692
arefi_83,3932
safonovdmitri,4337
safonovdmitri,595
safonovdmitri,1795
safonovdmitri,3189
safonovdmitri,2096
milovan85,1994
milovan85,2685
milovan85,1311
milovan85,1825
milovan85,4129
antonina36,2800
antonina36,2436
antonina36,3781
antonina36,2116
antonina36,2797
vsemil_1987,4053
vsemil_1987,4051
vsemil_1987,87
vsemil_1987,4896
vsemil_1987,2581
elizaveta_2014,2161
elizaveta_2014,571
elizaveta_2014,4644
elizaveta_2014,4266
elizaveta_2014,386
antonovladislav,2500
antonovladislav,2282
antonovladislav,2419
antonovladislav,380
antonovladislav,3624
fkoroleva,2313
fkoroleva,3760
fkoroleva,4783
fkoroleva,1982
fkoroleva,1075
prokofisafonov,1999
prokofisafonov,3433
prokofisafonov,2449
prokofisafonov,2509
prokofisafonov,2630
adam2003,648
adam2003,1707
adam2003,273
adam2003,4080
adam2003,3322
fade_1988,4477
fade_1988,547
fade_1988,4224
fade_1988,2039
fade_1988,1090
osipovamargarita,2904
osipovamargarita,2073
osipovamargarita,2195
osipovamargarita,1054
osipovamargarita,2300
eshchukin,2699
eshchukin,3223
eshchukin,3269
eshchukin,3187
eshchukin,2203
sevastjankrasilnikov,4656
sevastjankrasilnikov,479
sevastjankrasilnikov,435
sevastjankrasilnikov,3387
sevastjankrasilnikov,4518
ustinovaalina,172
ustinovaalina,667
ustinovaalina,465
ustinovaalina,732
ustinovaalina,3045
evpraksija_63,4291
evpraksija_63,449
evpraksija_63,4112
evpraksija_63,1743
evpraksija_63,2226
ziminevstafi,578
ziminevstafi,4614
ziminevstafi,1121
ziminevstafi,634
ziminevstafi,1656
grigori2013,503
grigori2013,322
grigori2013,174
grigori2013,3536
grigori2013,1420
mirkarpov,2240
mirkarpov,4157
mirkarpov,2107
mirkarpov,4322
mirkarpov,3120
nazarovdorofe,262
nazarovdorofe,2462
nazarovdorofe,1429
nazarovdorofe,2409
nazarovdorofe,849
ribakovvatslav,3000
ribakovvatslav,640
ribakovvatslav,2430
ribakovvatslav,4604
ribakovvatslav,736
bshirjaeva,1043
bshirjaeva,742
bshirjaeva,3058
bshirjaeva,4837
bshirjaeva,212
gerasimkononov,1585
gerasimkononov,2550
gerasimkononov,2399
gerasimkononov,28
gerasimkononov,1884
ferapont_80,429
ferapont_80,1709
ferapont_80,3839
ferapont_80,1039
ferapont_80,4847
ljubosmisl_2016,274
ljubosmisl_2016,301
ljubosmisl_2016,3596
ljubosmisl_2016,1215
ljubosmisl_2016,4264
gorbunovamarija,3021
gorbunovamarija,1021
gorbunovamarija,3208
gorbunovamarija,349
gorbunovamarija,2610
kudrjavtsevazhanna,66
kudrjavtsevazhanna,4619
kudrjavtsevazhanna,4359
kudrjavtsevazhanna,948
kudrjavtsevazhanna,1468
kim_53,2566
kim_53,409
kim_53,2879
kim_53,1637
kim_53,3853
vinogradovsvjatopolk,2444
vinogradovsvjatopolk,228
vinogradovsvjatopolk,486
vinogradovsvjatopolk,2528
vinogradovsvjatopolk,2950
umerkushev,3794
umerkushev,54
umerkushev,4530
umerkushev,4408
umerkushev,145
kuznetsovgleb,2093
kuznetsovgleb,1561
kuznetsovgleb,1681
kuznetsovgleb,286
kuznetsovgleb,528
seliverstovdobroslav,1903
seliverstovdobroslav,1581
seliverstovdobroslav,1004
seliverstovdobroslav,1172
seliverstovdobroslav,4538
iraida_1970,1186
iraida_1970,3204
iraida_1970,4114
iraida_1970,4999
iraida_1970,4032
maksimnikiforov,2056
maksimnikiforov,786
maksimnikiforov,3225
maksimnikiforov,3773
maksimnikiforov,129
tihon_1974,637
tihon_1974,3569
tihon_1974,3881
tihon_1974,606
tihon_1974,4542
oksana44,772
oksana44,1706
oksana44,1500
oksana44,1125
oksana44,3419
narkis_81,1341
narkis_81,661
narkis_81,4441
narkis_81,348
narkis_81,2674
ukolesnikova,2244
ukolesnikova,105
ukolesnikova,91
ukolesnikova,1048
ukolesnikova,2387
martjan45,3988
martjan45,3810
martjan45,276
martjan45,1206
martjan45,1511
silinaevpraksija,2472
silinaevpraksija,1589
silinaevpraksija,1322
silinaevpraksija,1844
silinaevpraksija,2323
blohinapelageja,2219
blohinapelageja,482
blohinapelageja,3609
blohinapelageja,1309
blohinapelageja,2150
zinovipoljakov,3462
zinovipoljakov,3831
zinovipoljakov,4516
zinovipoljakov,862
zinovipoljakov,4596
prokofi_1986,4881
prokofi_1986,3953
prokofi_1986,3048
prokofi_1986,4468
prokofi_1986,4332
galaktionchernov,4429
galaktionchernov,3128
galaktionchernov,4346
galaktionchernov,466
galaktionchernov,1831
fade75,1400
fade75,3520
fade75,3844
fade75,436
fade75,1901
iosifzaharov,1525
iosifzaharov,1702
iosifzaharov,2572
iosifzaharov,1658
iosifzaharov,1465
ivandrozdov,3065
ivandrozdov,2672
ivandrozdov,3265
ivandrozdov,1735
ivandrozdov,969
afinogen36,4417
afinogen36,450
afinogen36,1200
afinogen36,4751
afinogen36,3957
hkazakova,3567
hkazakova,1223
hkazakova,5
hkazakova,1469
hkazakova,4932
ernest2014,2743
ernest2014,367
ernest2014,4592
ernest2014,3755
ernest2014,2456
ychernova,2519
ychernova,2990
ychernova,3691
ychernova,1951
ychernova,684
sergemjasnikov,290
sergemjasnikov,1119
sergemjasnikov,4046
sergemjasnikov,1501
sergemjasnikov,3817
ilja_1997,4958
ilja_1997,4421
ilja_1997,1537
ilja_1997,1232
ilja_1997,2183
omedvedev,3184
omedvedev,4667
omedvedev,4709
omedvedev,95
omedvedev,3670
anna_61,4401
anna_61,4323
anna_61,3761
anna_61,4176
anna_61,4662
klavdija98,2331
klavdija98,4450
klavdija98,1218
klavdija98,4862
klavdija98,80
samolovartem,3444
samolovartem,4917
samolovartem,3448
samolovartem,3772
samolovartem,1007
ovchinnikovvatslav,2963
ovchinnikovvatslav,3815
ovchinnikovvatslav,3999
ovchinnikovvatslav,4028
ovchinnikovvatslav,3171
lazarevanatalja,2812
lazarevanatalja,4566
lazarevanatalja,2837
lazarevanatalja,3677
lazarevanatalja,1104
sobolevboris,854
sobolevboris,4007
sobolevboris,3776
sobolevboris,3956
sobolevboris,1326
nadezhda94,32
nadezhda94,2455
nadezhda94,1015
nadezhda94,2988
nadezhda94,2027
galaktion02,3833
galaktion02,738
galaktion02,456
galaktion02,722
galaktion02,4817
vera1998,1817
vera1998,227
vera1998,88
vera1998,592
vera1998,586
ykolesnikova,365
ykolesnikova,1567
ykolesnikova,1156
ykolesnikova,1606
ykolesnikova,1296
kopilovpolikarp,2437
kopilovpolikarp,2050
kopilovpolikarp,1865
kopilovpolikarp,1510
kopilovpolikarp,1297
martinovstojan,3197
martinovstojan,1053
martinovstojan,4040
martinovstojan,2356
martinovstojan,2369
titovaivanna,3511
titovaivanna,1279
titovaivanna,2650
titovaivanna,3398
titovaivanna,3850
avksenti1993,2159
avksenti1993,3438
avksenti1993,1342
avksenti1993,3608
avksenti1993,4573
xfadeev,4345
xfadeev,2535
xfadeev,4055
xfadeev,3154
xfadeev,2453
kimkopilov,3042
kimkopilov,1891
kimkopilov,4268
kimkopilov,3192
kimkopilov,2564
anisimovgostomisl,3420
anisimovgostomisl,318
anisimovgostomisl,2761
anisimovgostomisl,3476
anisimovgostomisl,4523
makar1984,4568
makar1984,1868
makar1984,1928
makar1984,3669
makar1984,1441
polina_91,3848
polina_91,1914
polina_91,2598
polina_91,1460
polina_91,2618
pahomovsilanti,4173
pahomovsilanti,4763
pahomovsilanti,1801
pahomovsilanti,4679
pahomovsilanti,2095
anike_1989,921
anike_1989,3777
anike_1989,1617
anike_1989,706
anike_1989,2898
larionovepifan,2121
larionovepifan,3865
larionovepifan,3338
larionovepifan,1518
larionovepifan,4717
kudrjashovfrol,2966
kudrjashovfrol,2510
kudrjashovfrol,2580
kudrjashovfrol,3610
kudrjashovfrol,4670
golubevajulija,1421
golubevajulija,4935
golubevajulija,3446
golubevajulija,1360
golubevajulija,1422
anike_68,1126
anike_68,3925
anike_68,4838
anike_68,1435
anike_68,866
eliseevegor,1444
eliseevegor,4771
eliseevegor,994
eliseevegor,1245
eliseevegor,4536
anani_08,2340
anani_08,1729
anani_08,3928
anani_08,3655
anani_08,3188
trofim2012,3183
trofim2012,4186
trofim2012,4889
trofim2012,3541
trofim2012,3805
nikon_45,1627
nikon_45,4979
nikon_45,1739
nikon_45,330
nikon_45,4404
german2019,311
german2019,2640
german2019,4369
german2019,2347
german2019,4460
